state,county,county_fips,year,month,participants,benefits_millions,avg_benefit_per_person
California,Los Angeles,06037,2023,1,1131925,254.85,225.15
California,Fresno,06019,2023,1,311784,71.35,228.86
California,San Bernardino,06071,2023,1,367315,87.18,237.35
California,Kern,06029,2023,1,248601,56.26,226.31
California,Sacramento,06067,2023,1,276910,62.37,225.24
California,Riverside,06065,2023,1,309985,72.58,234.14
California,Tulare,06107,2023,1,151929,34.7,228.4
California,San Joaquin,06077,2023,1,121402,28.52,234.88
California,Stanislaus,06099,2023,1,116266,27.41,235.71
California,Other CA Counties,06999,2023,1,950883,237.78,250.07
California,Los Angeles,06037,2023,2,1152058,255.28,221.58
California,Fresno,06019,2023,2,329044,77.11,234.35
California,San Bernardino,06071,2023,2,353451,79.29,224.33
California,Kern,06029,2023,2,250408,57.01,227.67
California,Sacramento,06067,2023,2,267992,59.83,223.25
California,Riverside,06065,2023,2,330374,76.85,232.6
California,Tulare,06107,2023,2,164542,38.66,234.93
California,San Joaquin,06077,2023,2,120163,28.77,239.42
California,Stanislaus,06099,2023,2,118275,27.4,231.65
California,Other CA Counties,06999,2023,2,904693,220.51,243.74
California,Los Angeles,06037,2023,3,1149951,270.39,235.13
California,Fresno,06019,2023,3,329585,77.24,234.36
California,San Bernardino,06071,2023,3,365160,81.96,224.46
California,Kern,06029,2023,3,232068,53.14,229.0
California,Sacramento,06067,2023,3,266624,60.77,227.94
California,Riverside,06065,2023,3,305388,69.87,228.78
California,Tulare,06107,2023,3,161197,37.14,230.4
California,San Joaquin,06077,2023,3,117731,26.78,227.51
California,Stanislaus,06099,2023,3,116500,28.08,241.06
California,Other CA Counties,06999,2023,3,931796,220.82,236.98
California,Los Angeles,06037,2023,4,1126634,258.99,229.88
California,Fresno,06019,2023,4,306768,71.19,232.07
California,San Bernardino,06071,2023,4,344838,77.83,225.69
California,Kern,06029,2023,4,249545,57.51,230.44
California,Sacramento,06067,2023,4,279130,64.55,231.26
California,Riverside,06065,2023,4,328075,76.42,232.92
California,Tulare,06107,2023,4,154302,33.85,219.36
California,San Joaquin,06077,2023,4,116754,26.11,223.66
California,Stanislaus,06099,2023,4,115512,27.26,235.96
California,Other CA Counties,06999,2023,4,943442,209.8,222.38
California,Los Angeles,06037,2023,5,1147045,256.7,223.79
California,Fresno,06019,2023,5,320749,72.25,225.26
California,San Bernardino,06071,2023,5,370049,83.78,226.41
California,Kern,06029,2023,5,231310,51.48,222.56
California,Sacramento,06067,2023,5,278055,61.96,222.85
California,Riverside,06065,2023,5,318511,74.66,234.39
California,Tulare,06107,2023,5,156331,34.71,222.06
California,San Joaquin,06077,2023,5,124332,28.26,227.33
California,Stanislaus,06099,2023,5,113594,24.87,218.93
California,Other CA Counties,06999,2023,5,888024,208.42,234.7
California,Los Angeles,06037,2023,6,1055024,239.81,227.3
California,Fresno,06019,2023,6,322841,72.19,223.61
California,San Bernardino,06071,2023,6,337487,75.22,222.88
California,Kern,06029,2023,6,246931,55.69,225.53
California,Sacramento,06067,2023,6,287399,66.53,231.5
California,Riverside,06065,2023,6,298356,68.32,228.98
California,Tulare,06107,2023,6,159689,36.04,225.68
California,San Joaquin,06077,2023,6,114887,26.14,227.55
California,Stanislaus,06099,2023,6,113060,25.31,223.84
California,Other CA Counties,06999,2023,6,985326,217.15,220.38
California,Los Angeles,06037,2023,7,1088897,252.96,232.31
California,Fresno,06019,2023,7,324307,71.32,219.93
California,San Bernardino,06071,2023,7,351650,76.8,218.41
California,Kern,06029,2023,7,244092,56.34,230.81
California,Sacramento,06067,2023,7,267977,60.74,226.66
California,Riverside,06065,2023,7,315965,68.86,217.94
California,Tulare,06107,2023,7,160382,36.07,224.88
California,San Joaquin,06077,2023,7,120475,27.07,224.71
California,Stanislaus,06099,2023,7,111356,24.61,221.02
California,Other CA Counties,06999,2023,7,921899,201.12,218.16
California,Los Angeles,06037,2023,8,1042991,242.42,232.42
California,Fresno,06019,2023,8,324895,74.94,230.67
California,San Bernardino,06071,2023,8,345391,74.87,216.76
California,Kern,06029,2023,8,243654,56.71,232.74
California,Sacramento,06067,2023,8,262560,58.93,224.46
California,Riverside,06065,2023,8,299554,68.72,229.39
California,Tulare,06107,2023,8,160680,35.03,218.03
California,San Joaquin,06077,2023,8,117099,26.42,225.61
California,Stanislaus,06099,2023,8,114631,26.53,231.41
California,Other CA Counties,06999,2023,8,1001545,214.74,214.4
California,Los Angeles,06037,2023,9,1093331,241.0,220.43
California,Fresno,06019,2023,9,316037,72.62,229.78
California,San Bernardino,06071,2023,9,343566,76.35,222.23
California,Kern,06029,2023,9,247790,56.58,228.34
California,Sacramento,06067,2023,9,273744,61.85,225.95
California,Riverside,06065,2023,9,302869,66.83,220.66
California,Tulare,06107,2023,9,154851,35.19,227.22
California,San Joaquin,06077,2023,9,114864,25.34,220.58
California,Stanislaus,06099,2023,9,112985,25.76,228.0
California,Other CA Counties,06999,2023,9,974963,226.58,232.4
California,Los Angeles,06037,2023,10,1076565,253.17,235.17
California,Fresno,06019,2023,10,327530,72.04,219.96
California,San Bernardino,06071,2023,10,346361,79.96,230.86
California,Kern,06029,2023,10,230343,50.92,221.08
California,Sacramento,06067,2023,10,288688,66.13,229.07
California,Riverside,06065,2023,10,315295,73.45,232.97
California,Tulare,06107,2023,10,162940,36.2,222.14
California,San Joaquin,06077,2023,10,113781,25.77,226.52
California,Stanislaus,06099,2023,10,117653,26.73,227.18
California,Other CA Counties,06999,2023,10,972844,215.82,221.84
California,Los Angeles,06037,2023,11,1137350,267.01,234.76
California,Fresno,06019,2023,11,333060,74.64,224.11
California,San Bernardino,06071,2023,11,353909,80.89,228.57
California,Kern,06029,2023,11,246877,56.01,226.89
California,Sacramento,06067,2023,11,269358,62.11,230.6
California,Riverside,06065,2023,11,315198,71.69,227.45
California,Tulare,06107,2023,11,154865,37.07,239.39
California,San Joaquin,06077,2023,11,118452,28.22,238.24
California,Stanislaus,06099,2023,11,119729,26.73,223.23
California,Other CA Counties,06999,2023,11,922202,215.12,233.27
California,Los Angeles,06037,2023,12,1172685,282.98,241.31
California,Fresno,06019,2023,12,334086,81.18,243.01
California,San Bernardino,06071,2023,12,371528,84.97,228.72
California,Kern,06029,2023,12,238996,54.88,229.61
California,Sacramento,06067,2023,12,276466,62.67,226.69
California,Riverside,06065,2023,12,315257,76.96,244.11
California,Tulare,06107,2023,12,155813,37.45,240.33
California,San Joaquin,06077,2023,12,119131,27.82,233.54
California,Stanislaus,06099,2023,12,125142,30.57,244.3
California,Other CA Counties,06999,2023,12,879896,197.92,224.93
California,Los Angeles,06037,2024,1,1129624,270.31,239.29
California,Fresno,06019,2024,1,309880,71.69,231.36
California,San Bernardino,06071,2024,1,378004,89.46,236.67
California,Kern,06029,2024,1,241735,57.98,239.85
California,Sacramento,06067,2024,1,268403,63.55,236.76
California,Riverside,06065,2024,1,321051,77.64,241.82
California,Tulare,06107,2024,1,154982,37.79,243.85
California,San Joaquin,06077,2024,1,115306,26.44,229.27
California,Stanislaus,06099,2024,1,121503,28.98,238.48
California,Other CA Counties,06999,2024,1,971512,219.77,226.22
California,Los Angeles,06037,2024,2,1092523,247.16,226.22
California,Fresno,06019,2024,2,333154,76.15,228.58
California,San Bernardino,06071,2024,2,364129,85.77,235.55
California,Kern,06029,2024,2,238537,56.03,234.88
California,Sacramento,06067,2024,2,281199,67.89,241.43
California,Riverside,06065,2024,2,311157,73.85,237.36
California,Tulare,06107,2024,2,156130,36.12,231.37
California,San Joaquin,06077,2024,2,122304,28.08,229.59
California,Stanislaus,06099,2024,2,118029,28.09,238.02
California,Other CA Counties,06999,2024,2,990838,235.95,238.13
California,Los Angeles,06037,2024,3,1071052,248.93,232.41
California,Fresno,06019,2024,3,335614,81.37,242.44
California,San Bernardino,06071,2024,3,344292,78.44,227.84
California,Kern,06029,2024,3,234130,56.49,241.27
California,Sacramento,06067,2024,3,290373,69.77,240.27
California,Riverside,06065,2024,3,315509,71.56,226.81
California,Tulare,06107,2024,3,165174,39.14,236.99
California,San Joaquin,06077,2024,3,121218,29.37,242.28
California,Stanislaus,06099,2024,3,121725,27.27,224.01
California,Other CA Counties,06999,2024,3,996913,229.47,230.18
California,Los Angeles,06037,2024,4,1149160,259.48,225.8
California,Fresno,06019,2024,4,323439,76.83,237.54
California,San Bernardino,06071,2024,4,344926,76.72,222.42
California,Kern,06029,2024,4,229300,52.84,230.46
California,Sacramento,06067,2024,4,272120,62.97,231.4
California,Riverside,06065,2024,4,325165,72.85,224.04
California,Tulare,06107,2024,4,161255,36.31,225.15
California,San Joaquin,06077,2024,4,119203,28.24,236.92
California,Stanislaus,06099,2024,4,123470,27.41,222.0
California,Other CA Counties,06999,2024,4,929962,219.26,235.77
California,Los Angeles,06037,2024,5,1100603,247.07,224.49
California,Fresno,06019,2024,5,301148,70.33,233.53
California,San Bernardino,06071,2024,5,361377,81.03,224.22
California,Kern,06029,2024,5,243393,55.86,229.52
California,Sacramento,06067,2024,5,275264,60.45,219.6
California,Riverside,06065,2024,5,303420,71.48,235.58
California,Tulare,06107,2024,5,164839,37.81,229.4
California,San Joaquin,06077,2024,5,122805,28.25,230.08
California,Stanislaus,06099,2024,5,114648,25.42,221.76
California,Other CA Counties,06999,2024,5,973503,227.59,233.79
California,Los Angeles,06037,2024,6,1081772,252.21,233.14
California,Fresno,06019,2024,6,324451,75.42,232.45
California,San Bernardino,06071,2024,6,368652,81.36,220.69
California,Kern,06029,2024,6,230420,50.4,218.75
California,Sacramento,06067,2024,6,283453,66.01,232.87
California,Riverside,06065,2024,6,312169,71.21,228.11
California,Tulare,06107,2024,6,152117,35.55,233.7
California,San Joaquin,06077,2024,6,122478,28.73,234.54
California,Stanislaus,06099,2024,6,121842,28.37,232.82
California,Other CA Counties,06999,2024,6,941646,200.45,212.87
California,Los Angeles,06037,2024,7,1044907,238.65,228.39
California,Fresno,06019,2024,7,308180,71.46,231.88
California,San Bernardino,06071,2024,7,363277,83.8,230.68
California,Kern,06029,2024,7,242385,53.32,219.97
California,Sacramento,06067,2024,7,282141,61.26,217.12
California,Riverside,06065,2024,7,325105,74.96,230.58
California,Tulare,06107,2024,7,152369,35.02,229.83
California,San Joaquin,06077,2024,7,117073,25.83,220.66
California,Stanislaus,06099,2024,7,121011,26.53,219.27
California,Other CA Counties,06999,2024,7,961552,207.27,215.56
California,Los Angeles,06037,2024,8,1046384,229.62,219.44
California,Fresno,06019,2024,8,308528,71.43,231.52
California,San Bernardino,06071,2024,8,369648,81.69,220.98
California,Kern,06029,2024,8,238771,53.28,223.15
California,Sacramento,06067,2024,8,287896,64.95,225.61
California,Riverside,06065,2024,8,327708,71.45,218.04
California,Tulare,06107,2024,8,164343,36.02,219.18
California,San Joaquin,06077,2024,8,123164,27.19,220.74
California,Stanislaus,06099,2024,8,113110,25.31,223.78
California,Other CA Counties,06999,2024,8,944448,221.96,235.02
California,Los Angeles,06037,2024,9,1130704,252.87,223.64
California,Fresno,06019,2024,9,319194,72.53,227.23
California,San Bernardino,06071,2024,9,351240,80.23,228.41
California,Kern,06029,2024,9,231069,53.33,230.81
California,Sacramento,06067,2024,9,262588,61.64,234.75
California,Riverside,06065,2024,9,317054,73.24,231.01
California,Tulare,06107,2024,9,161740,37.22,230.12
California,San Joaquin,06077,2024,9,116831,25.61,219.21
California,Stanislaus,06099,2024,9,120385,26.96,223.94
California,Other CA Counties,06999,2024,9,937195,212.67,226.92
California,Los Angeles,06037,2024,10,1089540,278.59,255.7
California,Fresno,06019,2024,10,324170,108.87,335.84
California,San Bernardino,06071,2024,10,349724,85.67,244.97
California,Kern,06029,2024,10,341794,85.03,248.77
California,Sacramento,06067,2024,10,274841,67.25,244.7
California,Riverside,06065,2024,10,305377,75.49,247.19
California,Tulare,06107,2024,10,165584,41.78,252.3
California,San Joaquin,06077,2024,10,123741,31.07,251.07
California,Stanislaus,06099,2024,10,116582,29.11,249.72
California,Other CA Counties,06999,2024,10,873647,183.54,210.09
California,Los Angeles,06037,2024,11,1059257,255.75,241.44
California,Fresno,06019,2024,11,316326,102.56,324.23
California,San Bernardino,06071,2024,11,361246,89.83,248.67
California,Kern,06029,2024,11,328554,80.7,245.63
California,Sacramento,06067,2024,11,277127,66.51,240.0
California,Riverside,06065,2024,11,317705,80.54,253.51
California,Tulare,06107,2024,11,163995,39.22,239.14
California,San Joaquin,06077,2024,11,114499,28.16,245.93
California,Stanislaus,06099,2024,11,121048,29.34,242.39
California,Other CA Counties,06999,2024,11,922243,205.48,222.81
California,Los Angeles,06037,2024,12,1155085,277.39,240.15
California,Fresno,06019,2024,12,325366,74.91,230.23
California,San Bernardino,06071,2024,12,348994,79.03,226.46
California,Kern,06029,2024,12,233759,54.92,234.95
California,Sacramento,06067,2024,12,289647,65.86,227.37
California,Riverside,06065,2024,12,317103,75.43,237.86
California,Tulare,06107,2024,12,155033,37.07,239.12
California,San Joaquin,06077,2024,12,119872,27.64,230.6
California,Stanislaus,06099,2024,12,121811,27.54,226.11
California,Other CA Counties,06999,2024,12,931330,221.4,237.72
California,Los Angeles,06037,2025,1,1154135,278.5,241.3
California,Fresno,06019,2025,1,309024,72.55,234.79
California,San Bernardino,06071,2025,1,350160,85.74,244.85
California,Kern,06029,2025,1,241693,55.03,227.7
California,Sacramento,06067,2025,1,274410,66.62,242.78
California,Riverside,06065,2025,1,320279,77.47,241.9
California,Tulare,06107,2025,1,163535,40.13,245.42
California,San Joaquin,06077,2025,1,121781,29.8,244.7
California,Stanislaus,06099,2025,1,125351,29.87,238.33
California,Other CA Counties,06999,2025,1,960632,214.07,222.85
California,Los Angeles,06037,2025,2,1148850,270.0,235.02
California,Fresno,06019,2025,2,331817,78.25,235.83
California,San Bernardino,06071,2025,2,375703,89.98,239.51
California,Kern,06029,2025,2,240289,55.36,230.4
California,Sacramento,06067,2025,2,273946,65.07,237.52
California,Riverside,06065,2025,2,329737,77.6,235.33
California,Tulare,06107,2025,2,162635,37.52,230.69
California,San Joaquin,06077,2025,2,115360,26.64,230.9
California,Stanislaus,06099,2025,2,117700,27.25,231.54
California,Other CA Counties,06999,2025,2,918963,215.82,234.86
California,Los Angeles,06037,2025,3,1125340,256.08,227.56
California,Fresno,06019,2025,3,311633,74.16,237.98
California,San Bernardino,06071,2025,3,367706,83.16,226.17
California,Kern,06029,2025,3,237960,55.95,235.14
California,Sacramento,06067,2025,3,277849,63.58,228.84
California,Riverside,06065,2025,3,317682,76.86,241.93
California,Tulare,06107,2025,3,161466,38.43,238.01
California,San Joaquin,06077,2025,3,124373,29.76,239.32
California,Stanislaus,06099,2025,3,118653,26.71,225.08
California,Other CA Counties,06999,2025,3,960338,233.4,243.04
Texas,Harris,48201,2023,1,605055,111.74,184.68
Texas,Dallas,48113,2023,1,353259,66.26,187.58
Texas,Bexar,48029,2023,1,270749,49.98,184.59
Texas,Hidalgo,48215,2023,1,239941,43.79,182.51
Texas,Tarrant,48439,2023,1,198998,35.21,176.95
Texas,El Paso,48141,2023,1,169505,29.53,174.19
Texas,Cameron,48061,2023,1,134243,24.65,183.6
Texas,Travis,48453,2023,1,135174,23.81,176.16
Texas,Nueces,48355,2023,1,102026,17.92,175.62
Texas,Other TX Counties,48999,2023,1,1203050,214.71,178.47
Texas,Harris,48201,2023,2,620939,107.5,173.12
Texas,Dallas,48113,2023,2,337188,60.98,180.86
Texas,Bexar,48029,2023,2,259746,47.27,181.98
Texas,Hidalgo,48215,2023,2,229869,41.23,179.38
Texas,Tarrant,48439,2023,2,195284,34.8,178.19
Texas,El Paso,48141,2023,2,165486,29.36,177.44
Texas,Cameron,48061,2023,2,139881,24.93,178.19
Texas,Travis,48453,2023,2,139755,25.81,184.71
Texas,Nueces,48355,2023,2,99707,17.34,173.91
Texas,Other TX Counties,48999,2023,2,1220145,223.98,183.56
Texas,Harris,48201,2023,3,581729,104.92,180.36
Texas,Dallas,48113,2023,3,356471,63.32,177.63
Texas,Bexar,48029,2023,3,275677,50.68,183.84
Texas,Hidalgo,48215,2023,3,241256,44.26,183.45
Texas,Tarrant,48439,2023,3,212858,37.35,175.47
Texas,El Paso,48141,2023,3,161608,28.25,174.79
Texas,Cameron,48061,2023,3,130724,23.82,182.23
Texas,Travis,48453,2023,3,136668,24.02,175.73
Texas,Nueces,48355,2023,3,103881,19.08,183.63
Texas,Other TX Counties,48999,2023,3,1194128,214.71,179.81
Texas,Harris,48201,2023,4,587840,105.62,179.68
Texas,Dallas,48113,2023,4,346174,59.77,172.66
Texas,Bexar,48029,2023,4,278868,51.53,184.77
Texas,Hidalgo,48215,2023,4,227193,38.94,171.39
Texas,Tarrant,48439,2023,4,198868,35.93,180.68
Texas,El Paso,48141,2023,4,176638,31.21,176.68
Texas,Cameron,48061,2023,4,138025,23.76,172.11
Texas,Travis,48453,2023,4,137695,24.78,179.96
Texas,Nueces,48355,2023,4,97305,17.71,182.03
Texas,Other TX Counties,48999,2023,4,1189394,212.56,178.71
Texas,Harris,48201,2023,5,626172,111.95,178.78
Texas,Dallas,48113,2023,5,323363,59.57,184.23
Texas,Bexar,48029,2023,5,276479,48.44,175.19
Texas,Hidalgo,48215,2023,5,233584,41.0,175.52
Texas,Tarrant,48439,2023,5,201780,35.33,175.11
Texas,El Paso,48141,2023,5,173924,31.64,181.93
Texas,Cameron,48061,2023,5,129136,23.75,183.9
Texas,Travis,48453,2023,5,136262,24.8,182.02
Texas,Nueces,48355,2023,5,102920,18.16,176.44
Texas,Other TX Counties,48999,2023,5,1157380,201.46,174.06
Texas,Harris,48201,2023,6,614887,112.04,182.21
Texas,Dallas,48113,2023,6,326125,58.7,180.0
Texas,Bexar,48029,2023,6,268059,47.03,175.44
Texas,Hidalgo,48215,2023,6,232154,41.54,178.92
Texas,Tarrant,48439,2023,6,195641,35.34,180.61
Texas,El Paso,48141,2023,6,172419,29.29,169.86
Texas,Cameron,48061,2023,6,138615,23.85,172.07
Texas,Travis,48453,2023,6,133048,23.58,177.22
Texas,Nueces,48355,2023,6,98928,16.72,169.05
Texas,Other TX Counties,48999,2023,6,1158124,198.32,171.24
Texas,Harris,48201,2023,7,618386,105.33,170.33
Texas,Dallas,48113,2023,7,322345,57.68,178.94
Texas,Bexar,48029,2023,7,261280,47.06,180.1
Texas,Hidalgo,48215,2023,7,237004,40.68,171.65
Texas,Tarrant,48439,2023,7,189385,34.29,181.04
Texas,El Paso,48141,2023,7,159073,28.29,177.86
Texas,Cameron,48061,2023,7,132608,23.66,178.39
Texas,Travis,48453,2023,7,135290,23.92,176.82
Texas,Nueces,48355,2023,7,99478,17.79,178.88
Texas,Other TX Counties,48999,2023,7,1164151,201.4,173.0
Texas,Harris,48201,2023,8,574834,98.56,171.46
Texas,Dallas,48113,2023,8,339284,58.58,172.65
Texas,Bexar,48029,2023,8,268491,46.98,174.99
Texas,Hidalgo,48215,2023,8,233750,40.75,174.32
Texas,Tarrant,48439,2023,8,204652,35.4,173.0
Texas,El Paso,48141,2023,8,169826,29.24,172.16
Texas,Cameron,48061,2023,8,129849,22.08,170.05
Texas,Travis,48453,2023,8,129066,21.95,170.03
Texas,Nueces,48355,2023,8,100228,17.95,179.05
Texas,Other TX Counties,48999,2023,8,1179020,212.41,180.16
Texas,Harris,48201,2023,9,584363,100.98,172.81
Texas,Dallas,48113,2023,9,334670,60.24,180.0
Texas,Bexar,48029,2023,9,280940,49.77,177.17
Texas,Hidalgo,48215,2023,9,229548,39.29,171.17
Texas,Tarrant,48439,2023,9,194968,33.72,172.97
Texas,El Paso,48141,2023,9,162227,27.57,169.95
Texas,Cameron,48061,2023,9,134537,23.36,173.63
Texas,Travis,48453,2023,9,140439,24.94,177.57
Texas,Nueces,48355,2023,9,102545,17.59,171.53
Texas,Other TX Counties,48999,2023,9,1187763,215.23,181.21
Texas,Harris,48201,2023,10,629137,112.34,178.57
Texas,Dallas,48113,2023,10,349664,62.86,179.76
Texas,Bexar,48029,2023,10,268854,47.82,177.85
Texas,Hidalgo,48215,2023,10,228521,39.37,172.29
Texas,Tarrant,48439,2023,10,211180,37.67,178.38
Texas,El Paso,48141,2023,10,173979,30.84,177.28
Texas,Cameron,48061,2023,10,129096,23.31,180.55
Texas,Travis,48453,2023,10,128820,22.37,173.68
Texas,Nueces,48355,2023,10,101765,17.9,175.9
Texas,Other TX Counties,48999,2023,10,1149984,207.92,180.8
Texas,Harris,48201,2023,11,640338,112.4,175.53
Texas,Dallas,48113,2023,11,347964,63.54,182.6
Texas,Bexar,48029,2023,11,279084,49.42,177.09
Texas,Hidalgo,48215,2023,11,237835,42.89,180.34
Texas,Tarrant,48439,2023,11,202234,37.67,186.28
Texas,El Paso,48141,2023,11,177806,31.69,178.24
Texas,Cameron,48061,2023,11,137241,25.07,182.65
Texas,Travis,48453,2023,11,138855,26.04,187.54
Texas,Nueces,48355,2023,11,98728,17.46,176.87
Texas,Other TX Counties,48999,2023,11,1129915,207.61,183.74
Texas,Harris,48201,2023,12,623098,110.73,177.71
Texas,Dallas,48113,2023,12,329586,58.17,176.51
Texas,Bexar,48029,2023,12,259004,47.14,182.0
Texas,Hidalgo,48215,2023,12,240727,43.25,179.67
Texas,Tarrant,48439,2023,12,198930,36.95,185.75
Texas,El Paso,48141,2023,12,173807,31.64,182.05
Texas,Cameron,48061,2023,12,138833,26.23,188.92
Texas,Travis,48453,2023,12,140202,25.87,184.55
Texas,Nueces,48355,2023,12,103857,19.64,189.06
Texas,Other TX Counties,48999,2023,12,1198956,222.88,185.89
Texas,Harris,48201,2024,1,611884,112.75,184.27
Texas,Dallas,48113,2024,1,347556,65.9,189.62
Texas,Bexar,48029,2024,1,282949,50.17,177.32
Texas,Hidalgo,48215,2024,1,231740,41.9,180.79
Texas,Tarrant,48439,2024,1,210616,38.89,184.64
Texas,El Paso,48141,2024,1,167629,29.86,178.1
Texas,Cameron,48061,2024,1,139584,26.04,186.55
Texas,Travis,48453,2024,1,143064,26.27,183.63
Texas,Nueces,48355,2024,1,102686,18.22,177.46
Texas,Other TX Counties,48999,2024,1,1187292,218.9,184.37
Texas,Harris,48201,2024,2,587445,106.75,181.73
Texas,Dallas,48113,2024,2,336021,60.17,179.07
Texas,Bexar,48029,2024,2,262495,49.74,189.47
Texas,Hidalgo,48215,2024,2,247515,45.5,183.82
Texas,Tarrant,48439,2024,2,214512,40.76,190.02
Texas,El Paso,48141,2024,2,173996,31.21,179.35
Texas,Cameron,48061,2024,2,130548,24.34,186.47
Texas,Travis,48453,2024,2,136436,25.23,184.93
Texas,Nueces,48355,2024,2,106900,19.04,178.06
Texas,Other TX Counties,48999,2024,2,1225132,222.36,181.5
Texas,Harris,48201,2024,3,618855,113.88,184.02
Texas,Dallas,48113,2024,3,340617,59.98,176.11
Texas,Bexar,48029,2024,3,268573,48.24,179.63
Texas,Hidalgo,48215,2024,3,242689,45.45,187.27
Texas,Tarrant,48439,2024,3,201058,37.17,184.88
Texas,El Paso,48141,2024,3,166840,31.46,188.54
Texas,Cameron,48061,2024,3,140635,25.71,182.79
Texas,Travis,48453,2024,3,135744,24.35,179.36
Texas,Nueces,48355,2024,3,100462,18.98,188.91
Texas,Other TX Counties,48999,2024,3,1193527,215.58,180.62
Texas,Harris,48201,2024,4,604531,109.11,180.48
Texas,Dallas,48113,2024,4,355652,64.92,182.54
Texas,Bexar,48029,2024,4,272435,48.77,179.02
Texas,Hidalgo,48215,2024,4,229954,41.0,178.28
Texas,Tarrant,48439,2024,4,208677,38.0,182.08
Texas,El Paso,48141,2024,4,173958,30.62,175.99
Texas,Cameron,48061,2024,4,136307,25.41,186.44
Texas,Travis,48453,2024,4,134800,24.69,183.13
Texas,Nueces,48355,2024,4,97878,18.31,187.09
Texas,Other TX Counties,48999,2024,4,1176808,210.48,178.86
Texas,Harris,48201,2024,5,613931,107.69,175.4
Texas,Dallas,48113,2024,5,325873,58.61,179.87
Texas,Bexar,48029,2024,5,271330,47.02,173.31
Texas,Hidalgo,48215,2024,5,247806,45.86,185.06
Texas,Tarrant,48439,2024,5,201659,35.02,173.66
Texas,El Paso,48141,2024,5,174303,31.22,179.12
Texas,Cameron,48061,2024,5,137883,24.72,179.27
Texas,Travis,48453,2024,5,131902,24.26,183.94
Texas,Nueces,48355,2024,5,106081,18.61,175.47
Texas,Other TX Counties,48999,2024,5,1163232,211.48,181.81
Texas,Harris,48201,2024,6,605910,106.3,175.44
Texas,Dallas,48113,2024,6,349028,61.85,177.21
Texas,Bexar,48029,2024,6,278082,50.68,182.25
Texas,Hidalgo,48215,2024,6,229184,41.53,181.2
Texas,Tarrant,48439,2024,6,199230,36.51,183.24
Texas,El Paso,48141,2024,6,167579,30.44,181.63
Texas,Cameron,48061,2024,6,131050,22.83,174.24
Texas,Travis,48453,2024,6,135124,24.88,184.16
Texas,Nueces,48355,2024,6,100365,17.27,172.11
Texas,Other TX Counties,48999,2024,6,1153448,200.8,174.09
Texas,Harris,48201,2024,7,601893,104.7,173.95
Texas,Dallas,48113,2024,7,334829,59.18,176.74
Texas,Bexar,48029,2024,7,265290,46.06,173.62
Texas,Hidalgo,48215,2024,7,225910,40.42,178.91
Texas,Tarrant,48439,2024,7,201294,34.7,172.38
Texas,El Paso,48141,2024,7,171139,29.04,169.7
Texas,Cameron,48061,2024,7,136500,24.44,179.02
Texas,Travis,48453,2024,7,137389,23.98,174.52
Texas,Nueces,48355,2024,7,101565,18.35,180.65
Texas,Other TX Counties,48999,2024,7,1155191,205.84,178.19
Texas,Harris,48201,2024,8,630106,111.34,176.7
Texas,Dallas,48113,2024,8,318536,56.32,176.8
Texas,Bexar,48029,2024,8,269609,49.07,182.0
Texas,Hidalgo,48215,2024,8,242548,42.67,175.93
Texas,Tarrant,48439,2024,8,200920,35.39,176.16
Texas,El Paso,48141,2024,8,170714,29.96,175.5
Texas,Cameron,48061,2024,8,135667,23.32,171.88
Texas,Travis,48453,2024,8,133192,24.43,183.41
Texas,Nueces,48355,2024,8,98582,17.69,179.5
Texas,Other TX Counties,48999,2024,8,1140126,200.21,175.6
Texas,Harris,48201,2024,9,614227,112.87,183.76
Texas,Dallas,48113,2024,9,348045,63.99,183.87
Texas,Bexar,48029,2024,9,265732,46.8,176.11
Texas,Hidalgo,48215,2024,9,240487,43.87,182.44
Texas,Tarrant,48439,2024,9,209231,36.01,172.09
Texas,El Paso,48141,2024,9,160845,29.05,180.61
Texas,Cameron,48061,2024,9,140140,26.04,185.84
Texas,Travis,48453,2024,9,137798,24.5,177.79
Texas,Nueces,48355,2024,9,96809,17.49,180.64
Texas,Other TX Counties,48999,2024,9,1148686,200.28,174.35
Texas,Harris,48201,2024,10,631254,113.41,179.66
Texas,Dallas,48113,2024,10,344659,64.21,186.29
Texas,Bexar,48029,2024,10,258199,47.7,184.75
Texas,Hidalgo,48215,2024,10,231779,41.41,178.66
Texas,Tarrant,48439,2024,10,195670,35.4,180.92
Texas,El Paso,48141,2024,10,170164,31.43,184.69
Texas,Cameron,48061,2024,10,130776,22.81,174.39
Texas,Travis,48453,2024,10,140255,25.55,182.2
Texas,Nueces,48355,2024,10,98801,18.42,186.43
Texas,Other TX Counties,48999,2024,10,1179443,209.86,177.93
Texas,Harris,48201,2024,11,589985,107.51,182.22
Texas,Dallas,48113,2024,11,331537,59.42,179.21
Texas,Bexar,48029,2024,11,258579,48.42,187.24
Texas,Hidalgo,48215,2024,11,247475,45.88,185.39
Texas,Tarrant,48439,2024,11,196964,35.84,181.94
Texas,El Paso,48141,2024,11,167325,30.8,184.07
Texas,Cameron,48061,2024,11,137849,25.04,181.68
Texas,Travis,48453,2024,11,132562,24.9,187.84
Texas,Nueces,48355,2024,11,98902,17.91,181.1
Texas,Other TX Counties,48999,2024,11,1237822,225.59,182.25
Texas,Harris,48201,2024,12,613667,110.83,180.6
Texas,Dallas,48113,2024,12,343956,63.83,185.58
Texas,Bexar,48029,2024,12,286660,52.02,181.46
Texas,Hidalgo,48215,2024,12,250475,46.79,186.82
Texas,Tarrant,48439,2024,12,200279,37.14,185.45
Texas,El Paso,48141,2024,12,173922,32.71,188.09
Texas,Cameron,48061,2024,12,130439,24.27,186.05
Texas,Travis,48453,2024,12,136555,26.01,190.44
Texas,Nueces,48355,2024,12,100259,18.94,188.89
Texas,Other TX Counties,48999,2024,12,1178788,217.56,184.56
Texas,Harris,48201,2025,1,624192,124.98,200.23
Texas,Dallas,48113,2025,1,347787,71.15,204.58
Texas,Bexar,48029,2025,1,279359,57.6,206.2
Texas,Hidalgo,48215,2025,1,280591,88.12,314.06
Texas,Tarrant,48439,2025,1,212825,43.57,204.7
Texas,El Paso,48141,2025,1,178470,36.58,204.99
Texas,Cameron,48061,2025,1,150771,45.21,299.88
Texas,Travis,48453,2025,1,136427,27.82,203.91
Texas,Nueces,48355,2025,1,105321,20.64,195.98
Texas,Other TX Counties,48999,2025,1,1115257,179.52,160.97
Texas,Harris,48201,2025,2,604221,113.69,188.16
Texas,Dallas,48113,2025,2,331584,59.38,179.08
Texas,Bexar,48029,2025,2,275240,52.7,191.47
Texas,Hidalgo,48215,2025,2,240630,45.87,190.61
Texas,Tarrant,48439,2025,2,212415,38.43,180.92
Texas,El Paso,48141,2025,2,176913,32.59,184.24
Texas,Cameron,48061,2025,2,141281,26.58,188.15
Texas,Travis,48453,2025,2,134869,24.12,178.83
Texas,Nueces,48355,2025,2,107569,19.28,179.21
Texas,Other TX Counties,48999,2025,2,1202278,219.76,182.78
Texas,Harris,48201,2025,3,643940,121.82,189.18
Texas,Dallas,48113,2025,3,349463,66.73,190.94
Texas,Bexar,48029,2025,3,286217,53.91,188.36
Texas,Hidalgo,48215,2025,3,236048,44.41,188.16
Texas,Tarrant,48439,2025,3,195111,35.98,184.42
Texas,El Paso,48141,2025,3,170127,31.72,186.42
Texas,Cameron,48061,2025,3,139076,25.75,185.12
Texas,Travis,48453,2025,3,141128,26.86,190.36
Texas,Nueces,48355,2025,3,98523,17.73,179.96
Texas,Other TX Counties,48999,2025,3,1158367,203.79,175.93
Florida,Miami-Dade,12086,2023,1,488805,88.19,180.42
Florida,Broward,12011,2023,1,258165,46.69,180.85
Florida,Hillsborough,12057,2023,1,194009,32.77,168.92
Florida,Palm Beach,12099,2023,1,176599,31.92,180.77
Florida,Orange,12095,2023,1,167676,29.13,173.76
Florida,Duval,12031,2023,1,137415,24.91,181.29
Florida,Pinellas,12103,2023,1,111808,19.56,174.94
Florida,Polk,12105,2023,1,109446,19.75,180.46
Florida,Lee,12071,2023,1,82413,14.37,174.39
Florida,Other FL Counties,12999,2023,1,1124664,191.69,170.44
Florida,Miami-Dade,12086,2023,2,520830,92.42,177.46
Florida,Broward,12011,2023,2,267469,46.26,172.94
Florida,Hillsborough,12057,2023,2,203974,34.52,169.26
Florida,Palm Beach,12099,2023,2,169247,28.52,168.49
Florida,Orange,12095,2023,2,170518,29.46,172.79
Florida,Duval,12031,2023,2,148672,24.91,167.56
Florida,Pinellas,12103,2023,2,112326,19.46,173.28
Florida,Polk,12105,2023,2,118927,21.29,179.02
Florida,Lee,12071,2023,2,81930,14.47,176.66
Florida,Other FL Counties,12999,2023,2,1051107,183.87,174.93
Florida,Miami-Dade,12086,2023,3,512026,92.31,180.28
Florida,Broward,12011,2023,3,251277,43.28,172.23
Florida,Hillsborough,12057,2023,3,192090,32.35,168.39
Florida,Palm Beach,12099,2023,3,175833,30.42,173.01
Florida,Orange,12095,2023,3,172685,30.32,175.61
Florida,Duval,12031,2023,3,142975,23.88,166.99
Florida,Pinellas,12103,2023,3,116528,19.82,170.08
Florida,Polk,12105,2023,3,109042,19.03,174.54
Florida,Lee,12071,2023,3,81294,14.42,177.32
Florida,Other FL Counties,12999,2023,3,1078250,185.98,172.49
Florida,Miami-Dade,12086,2023,4,492560,82.67,167.83
Florida,Broward,12011,2023,4,263089,44.56,169.37
Florida,Hillsborough,12057,2023,4,190375,33.74,177.23
Florida,Palm Beach,12099,2023,4,160730,28.39,176.65
Florida,Orange,12095,2023,4,163130,27.19,166.65
Florida,Duval,12031,2023,4,137435,22.99,167.26
Florida,Pinellas,12103,2023,4,114576,18.93,165.21
Florida,Polk,12105,2023,4,107289,18.85,175.71
Florida,Lee,12071,2023,4,82353,13.94,169.31
Florida,Other FL Counties,12999,2023,4,1107463,192.84,174.13
Florida,Miami-Dade,12086,2023,5,488104,80.41,164.73
Florida,Broward,12011,2023,5,258367,44.23,171.21
Florida,Hillsborough,12057,2023,5,201030,34.28,170.53
Florida,Palm Beach,12099,2023,5,172855,29.56,171.03
Florida,Orange,12095,2023,5,161605,27.62,170.9
Florida,Duval,12031,2023,5,146392,24.1,164.61
Florida,Pinellas,12103,2023,5,115295,20.28,175.87
Florida,Polk,12105,2023,5,112360,19.13,170.28
Florida,Lee,12071,2023,5,87991,14.51,164.85
Florida,Other FL Counties,12999,2023,5,1059001,184.79,174.49
Florida,Miami-Dade,12086,2023,6,499527,83.81,167.78
Florida,Broward,12011,2023,6,254947,43.08,168.98
Florida,Hillsborough,12057,2023,6,202645,33.1,163.34
Florida,Palm Beach,12099,2023,6,159865,27.27,170.58
Florida,Orange,12095,2023,6,159612,26.51,166.07
Florida,Duval,12031,2023,6,140900,23.92,169.76
Florida,Pinellas,12103,2023,6,109295,19.21,175.8
Florida,Polk,12105,2023,6,111579,18.8,168.48
Florida,Lee,12071,2023,6,84309,13.8,163.69
Florida,Other FL Counties,12999,2023,6,1058321,180.8,170.84
Florida,Miami-Dade,12086,2023,7,507191,87.63,172.77
Florida,Broward,12011,2023,7,252331,43.31,171.65
Florida,Hillsborough,12057,2023,7,197609,32.45,164.2
Florida,Palm Beach,12099,2023,7,164917,27.11,164.38
Florida,Orange,12095,2023,7,163050,27.3,167.4
Florida,Duval,12031,2023,7,136939,22.26,162.59
Florida,Pinellas,12103,2023,7,109670,18.67,170.25
Florida,Polk,12105,2023,7,109091,17.82,163.36
Florida,Lee,12071,2023,7,86364,14.01,162.21
Florida,Other FL Counties,12999,2023,7,1034838,173.54,167.7
Florida,Miami-Dade,12086,2023,8,515328,84.17,163.34
Florida,Broward,12011,2023,8,239328,41.18,172.06
Florida,Hillsborough,12057,2023,8,200017,33.92,169.59
Florida,Palm Beach,12099,2023,8,167697,28.45,169.66
Florida,Orange,12095,2023,8,163427,26.76,163.73
Florida,Duval,12031,2023,8,136521,23.35,171.06
Florida,Pinellas,12103,2023,8,113614,19.75,173.8
Florida,Polk,12105,2023,8,113290,19.84,175.16
Florida,Lee,12071,2023,8,83964,14.01,166.83
Florida,Other FL Counties,12999,2023,8,1037814,176.37,169.94
Florida,Miami-Dade,12086,2023,9,506657,84.38,166.54
Florida,Broward,12011,2023,9,255309,42.56,166.7
Florida,Hillsborough,12057,2023,9,187850,32.91,175.17
Florida,Palm Beach,12099,2023,9,165360,28.78,174.04
Florida,Orange,12095,2023,9,168821,29.48,174.65
Florida,Duval,12031,2023,9,144470,25.56,176.93
Florida,Pinellas,12103,2023,9,115277,19.83,172.01
Florida,Polk,12105,2023,9,113314,18.58,164.0
Florida,Lee,12071,2023,9,87385,15.29,174.95
Florida,Other FL Counties,12999,2023,9,1048557,178.83,170.55
Florida,Miami-Dade,12086,2023,10,494389,83.06,168.0
Florida,Broward,12011,2023,10,258209,43.84,169.78
Florida,Hillsborough,12057,2023,10,193687,32.07,165.6
Florida,Palm Beach,12099,2023,10,174960,30.32,173.32
Florida,Orange,12095,2023,10,167046,27.98,167.47
Florida,Duval,12031,2023,10,142472,23.64,165.94
Florida,Pinellas,12103,2023,10,115248,19.42,168.48
Florida,Polk,12105,2023,10,111578,18.99,170.22
Florida,Lee,12071,2023,10,83263,14.61,175.47
Florida,Other FL Counties,12999,2023,10,1071148,190.97,178.28
Florida,Miami-Dade,12086,2023,11,524056,92.2,175.94
Florida,Broward,12011,2023,11,244387,41.23,168.73
Florida,Hillsborough,12057,2023,11,191516,33.83,176.64
Florida,Palm Beach,12099,2023,11,172937,29.71,171.8
Florida,Orange,12095,2023,11,172732,30.19,174.79
Florida,Duval,12031,2023,11,140829,24.2,171.81
Florida,Pinellas,12103,2023,11,116209,19.71,169.58
Florida,Polk,12105,2023,11,112525,19.35,171.96
Florida,Lee,12071,2023,11,86506,15.12,174.8
Florida,Other FL Counties,12999,2023,11,1071303,190.16,177.5
Florida,Miami-Dade,12086,2023,12,521390,88.72,170.17
Florida,Broward,12011,2023,12,253724,45.16,177.99
Florida,Hillsborough,12057,2023,12,189611,32.95,173.78
Florida,Palm Beach,12099,2023,12,166003,28.46,171.47
Florida,Orange,12095,2023,12,166760,29.04,174.16
Florida,Duval,12031,2023,12,135437,24.39,180.08
Florida,Pinellas,12103,2023,12,110264,19.28,174.9
Florida,Polk,12105,2023,12,116281,20.53,176.59
Florida,Lee,12071,2023,12,88319,15.98,180.92
Florida,Other FL Counties,12999,2023,12,1101211,198.57,180.32
Florida,Miami-Dade,12086,2024,1,493976,90.4,183.0
Florida,Broward,12011,2024,1,246220,42.1,171.0
Florida,Hillsborough,12057,2024,1,209142,38.27,183.0
Florida,Palm Beach,12099,2024,1,173323,31.01,178.89
Florida,Orange,12095,2024,1,175623,31.03,176.68
Florida,Duval,12031,2024,1,137833,23.57,171.03
Florida,Pinellas,12103,2024,1,112670,20.52,182.14
Florida,Polk,12105,2024,1,116034,21.18,182.57
Florida,Lee,12071,2024,1,89620,15.41,171.99
Florida,Other FL Counties,12999,2024,1,1112559,196.3,176.44
Florida,Miami-Dade,12086,2024,2,532720,92.28,173.23
Florida,Broward,12011,2024,2,259778,46.03,177.2
Florida,Hillsborough,12057,2024,2,198182,34.52,174.18
Florida,Palm Beach,12099,2024,2,168905,29.47,174.5
Florida,Orange,12095,2024,2,165963,29.38,177.01
Florida,Duval,12031,2024,2,137528,24.34,177.0
Florida,Pinellas,12103,2024,2,119085,20.81,174.73
Florida,Polk,12105,2024,2,117042,21.23,181.37
Florida,Lee,12071,2024,2,88533,15.33,173.13
Florida,Other FL Counties,12999,2024,2,1073264,192.71,179.56
Florida,Miami-Dade,12086,2024,3,494515,85.04,171.96
Florida,Broward,12011,2024,3,258944,46.58,179.9
Florida,Hillsborough,12057,2024,3,202460,34.76,171.68
Florida,Palm Beach,12099,2024,3,175542,30.92,176.15
Florida,Orange,12095,2024,3,175227,31.52,179.89
Florida,Duval,12031,2024,3,141672,25.81,182.21
Florida,Pinellas,12103,2024,3,114654,20.42,178.14
Florida,Polk,12105,2024,3,115338,20.92,181.37
Florida,Lee,12071,2024,3,86526,14.82,171.31
Florida,Other FL Counties,12999,2024,3,1083122,191.1,176.43
Florida,Miami-Dade,12086,2024,4,487580,84.55,173.4
Florida,Broward,12011,2024,4,249766,42.73,171.07
Florida,Hillsborough,12057,2024,4,189374,33.01,174.31
Florida,Palm Beach,12099,2024,4,166639,28.92,173.54
Florida,Orange,12095,2024,4,162333,29.03,178.83
Florida,Duval,12031,2024,4,135558,24.3,179.29
Florida,Pinellas,12103,2024,4,117263,20.62,175.81
Florida,Polk,12105,2024,4,113320,19.68,173.69
Florida,Lee,12071,2024,4,85391,15.22,178.28
Florida,Other FL Counties,12999,2024,4,1123776,195.14,173.65
Florida,Miami-Dade,12086,2024,5,526759,90.78,172.33
Florida,Broward,12011,2024,5,261199,45.74,175.13
Florida,Hillsborough,12057,2024,5,193533,33.42,172.69
Florida,Palm Beach,12099,2024,5,163003,27.22,166.97
Florida,Orange,12095,2024,5,162203,28.96,178.55
Florida,Duval,12031,2024,5,138546,24.38,176.0
Florida,Pinellas,12103,2024,5,112651,18.98,168.5
Florida,Polk,12105,2024,5,109759,18.9,172.17
Florida,Lee,12071,2024,5,83938,14.55,173.34
Florida,Other FL Counties,12999,2024,5,1063409,184.17,173.18
Florida,Miami-Dade,12086,2024,6,485583,82.31,169.51
Florida,Broward,12011,2024,6,245912,41.81,170.0
Florida,Hillsborough,12057,2024,6,192349,33.2,172.59
Florida,Palm Beach,12099,2024,6,172426,29.88,173.27
Florida,Orange,12095,2024,6,160305,26.56,165.69
Florida,Duval,12031,2024,6,142141,23.92,168.29
Florida,Pinellas,12103,2024,6,114219,19.8,173.39
Florida,Polk,12105,2024,6,116259,20.5,176.36
Florida,Lee,12071,2024,6,82393,14.2,172.38
Florida,Other FL Counties,12999,2024,6,1081413,186.22,172.2
Florida,Miami-Dade,12086,2024,7,481415,80.91,168.08
Florida,Broward,12011,2024,7,261336,45.16,172.82
Florida,Hillsborough,12057,2024,7,192082,32.93,171.41
Florida,Palm Beach,12099,2024,7,173730,29.1,167.53
Florida,Orange,12095,2024,7,164387,28.62,174.09
Florida,Duval,12031,2024,7,143043,24.67,172.44
Florida,Pinellas,12103,2024,7,114610,19.87,173.37
Florida,Polk,12105,2024,7,113017,19.27,170.48
Florida,Lee,12071,2024,7,84435,14.28,169.08
Florida,Other FL Counties,12999,2024,7,1045945,177.09,169.32
Florida,Miami-Dade,12086,2024,8,494018,83.53,169.08
Florida,Broward,12011,2024,8,242461,40.5,167.05
Florida,Hillsborough,12057,2024,8,203531,34.76,170.77
Florida,Palm Beach,12099,2024,8,162413,26.96,166.0
Florida,Orange,12095,2024,8,159919,28.09,175.67
Florida,Duval,12031,2024,8,133599,23.34,174.66
Florida,Pinellas,12103,2024,8,115050,20.27,176.21
Florida,Polk,12105,2024,8,106174,17.91,168.73
Florida,Lee,12071,2024,8,85713,14.22,165.91
Florida,Other FL Counties,12999,2024,8,1080122,186.21,172.4
Florida,Miami-Dade,12086,2024,9,943963,184.7,195.67
Florida,Broward,12011,2024,9,433748,83.33,192.11
Florida,Hillsborough,12057,2024,9,232723,42.29,181.74
Florida,Palm Beach,12099,2024,9,199047,34.46,173.12
Florida,Orange,12095,2024,9,191876,33.89,176.61
Florida,Duval,12031,2024,9,163737,28.51,174.14
Florida,Pinellas,12103,2024,9,128001,22.38,174.82
Florida,Polk,12105,2024,9,131919,23.37,177.15
Florida,Lee,12071,2024,9,174362,34.74,199.23
Florida,Other FL Counties,12999,2024,9,618624,84.73,136.96
Florida,Miami-Dade,12086,2024,10,843002,160.27,190.11
Florida,Broward,12011,2024,10,291414,51.17,175.59
Florida,Hillsborough,12057,2024,10,227238,39.58,174.17
Florida,Palm Beach,12099,2024,10,196886,36.0,182.85
Florida,Orange,12095,2024,10,187737,32.47,172.96
Florida,Duval,12031,2024,10,155194,27.38,176.42
Florida,Pinellas,12103,2024,10,131498,23.73,180.49
Florida,Polk,12105,2024,10,129425,22.12,170.94
Florida,Lee,12071,2024,10,146998,28.46,193.63
Florida,Other FL Counties,12999,2024,10,831608,131.91,158.63
Florida,Miami-Dade,12086,2024,11,518599,94.6,182.42
Florida,Broward,12011,2024,11,257084,44.09,171.49
Florida,Hillsborough,12057,2024,11,205748,37.47,182.1
Florida,Palm Beach,12099,2024,11,166796,30.16,180.85
Florida,Orange,12095,2024,11,166587,30.46,182.86
Florida,Duval,12031,2024,11,137040,24.15,176.23
Florida,Pinellas,12103,2024,11,118713,20.56,173.18
Florida,Polk,12105,2024,11,113084,19.79,174.99
Florida,Lee,12071,2024,11,81195,13.87,170.79
Florida,Other FL Counties,12999,2024,11,1076154,188.05,174.74
Florida,Miami-Dade,12086,2024,12,514183,90.02,175.07
Florida,Broward,12011,2024,12,269751,47.76,177.06
Florida,Hillsborough,12057,2024,12,190487,35.24,185.01
Florida,Palm Beach,12099,2024,12,177172,32.07,181.0
Florida,Orange,12095,2024,12,176353,30.63,173.66
Florida,Duval,12031,2024,12,139756,25.65,183.57
Florida,Pinellas,12103,2024,12,116479,20.23,173.68
Florida,Polk,12105,2024,12,116588,20.77,178.11
Florida,Lee,12071,2024,12,81440,14.08,172.83
Florida,Other FL Counties,12999,2024,12,1073791,194.36,181.0
Florida,Miami-Dade,12086,2025,1,504166,93.09,184.65
Florida,Broward,12011,2025,1,259651,47.54,183.1
Florida,Hillsborough,12057,2025,1,201528,35.11,174.24
Florida,Palm Beach,12099,2025,1,168609,29.84,176.97
Florida,Orange,12095,2025,1,164469,29.39,178.68
Florida,Duval,12031,2025,1,147768,26.48,179.21
Florida,Pinellas,12103,2025,1,110371,20.49,185.66
Florida,Polk,12105,2025,1,115950,20.04,172.87
Florida,Lee,12071,2025,1,86262,15.19,176.12
Florida,Other FL Counties,12999,2025,1,1112226,199.12,179.02
Florida,Miami-Dade,12086,2025,2,497492,88.56,178.02
Florida,Broward,12011,2025,2,260901,45.74,175.31
Florida,Hillsborough,12057,2025,2,198946,36.09,181.38
Florida,Palm Beach,12099,2025,2,164834,30.63,185.83
Florida,Orange,12095,2025,2,164525,29.52,179.4
Florida,Duval,12031,2025,2,143405,26.68,186.02
Florida,Pinellas,12103,2025,2,115260,20.45,177.46
Florida,Polk,12105,2025,2,114297,20.68,180.97
Florida,Lee,12071,2025,2,90115,15.82,175.5
Florida,Other FL Counties,12999,2025,2,1116225,198.93,178.22
Florida,Miami-Dade,12086,2025,3,489039,89.27,182.55
Florida,Broward,12011,2025,3,252962,45.98,181.76
Florida,Hillsborough,12057,2025,3,202413,36.9,182.31
Florida,Palm Beach,12099,2025,3,175328,30.86,176.04
Florida,Orange,12095,2025,3,163494,29.28,179.09
Florida,Duval,12031,2025,3,147225,25.59,173.79
Florida,Pinellas,12103,2025,3,117387,20.89,177.93
Florida,Polk,12105,2025,3,116431,20.99,180.31
Florida,Lee,12071,2025,3,88317,15.21,172.19
Florida,Other FL Counties,12999,2025,3,1102404,194.43,176.37
New York,,,2023,1,2721000,629.3,231.28
New York,,,2023,2,2717000,623.8,229.59
New York,,,2023,3,2708000,620.1,228.95
New York,,,2023,4,2695000,611.4,226.94
New York,,,2023,5,2681000,605.2,225.74
New York,,,2023,6,2663000,595.1,223.47
New York,,,2023,7,2648000,588.4,222.2
New York,,,2023,8,2655000,591.9,222.94
New York,,,2023,9,2672000,600.8,224.83
New York,,,2023,10,2689000,610.3,226.96
New York,,,2023,11,2708000,623.1,230.1
New York,,,2023,12,2722000,633.8,232.84
New York,,,2024,1,2738000,639.2,233.45
New York,,,2024,2,2733000,635.1,232.34
New York,,,2024,3,2724000,630.4,231.43
New York,,,2024,4,2709000,620.8,229.13
New York,,,2024,5,2694000,614.1,227.95
New York,,,2024,6,2676000,604.2,225.79
New York,,,2024,7,2661000,597.1,224.39
New York,,,2024,8,2668000,600.8,225.19
New York,,,2024,9,2685000,610.4,227.29
New York,,,2024,10,2701000,620.1,229.58
New York,,,2024,11,2718000,632.4,232.67
New York,,,2024,12,2731000,641.2,234.8
New York,,,2025,1,2745000,647.8,236.04
New York,,,2025,2,2740000,643.1,234.71
New York,,,2025,3,2732000,639.2,233.98
Illinois,Cook,17031,2023,1,748825,147.06,196.39
Illinois,Lake,17097,2023,1,67966,12.9,189.87
Illinois,St. Clair,17163,2023,1,50485,9.58,189.84
Illinois,Winnebago,17201,2023,1,54305,10.71,197.3
Illinois,Kane,17089,2023,1,54595,10.8,197.74
Illinois,Sangamon,17167,2023,1,33843,6.8,201.05
Illinois,McLean,17113,2023,1,25221,4.91,194.81
Illinois,Champaign,17019,2023,1,26755,5.43,202.83
Illinois,Peoria,17143,2023,1,34116,6.52,191.14
Illinois,Other IL Counties,17999,2023,1,638889,127.07,198.9
Illinois,Cook,17031,2023,2,717424,144.62,201.58
Illinois,Lake,17097,2023,2,70924,14.3,201.66
Illinois,St. Clair,17163,2023,2,51341,10.42,202.9
Illinois,Winnebago,17201,2023,2,51910,10.15,195.45
Illinois,Kane,17089,2023,2,54133,10.6,195.79
Illinois,Sangamon,17167,2023,2,35662,7.1,199.04
Illinois,McLean,17113,2023,2,24871,4.9,197.09
Illinois,Champaign,17019,2023,2,26801,5.26,196.2
Illinois,Peoria,17143,2023,2,34001,6.42,188.92
Illinois,Other IL Counties,17999,2023,2,663933,124.63,187.72
Illinois,Cook,17031,2023,3,735731,141.13,191.82
Illinois,Lake,17097,2023,3,69667,13.49,193.69
Illinois,St. Clair,17163,2023,3,52701,10.15,192.53
Illinois,Winnebago,17201,2023,3,49353,9.9,200.61
Illinois,Kane,17089,2023,3,50957,10.32,202.6
Illinois,Sangamon,17167,2023,3,33702,6.82,202.32
Illinois,McLean,17113,2023,3,27018,5.09,188.22
Illinois,Champaign,17019,2023,3,26215,5.05,192.71
Illinois,Peoria,17143,2023,3,35518,7.02,197.64
Illinois,Other IL Counties,17999,2023,3,643138,126.93,197.36
Illinois,Cook,17031,2023,4,752914,140.76,186.95
Illinois,Lake,17097,2023,4,69337,13.64,196.78
Illinois,St. Clair,17163,2023,4,49056,9.11,185.79
Illinois,Winnebago,17201,2023,4,52882,10.07,190.39
Illinois,Kane,17089,2023,4,50847,9.84,193.49
Illinois,Sangamon,17167,2023,4,34660,6.77,195.21
Illinois,McLean,17113,2023,4,26879,5.12,190.48
Illinois,Champaign,17019,2023,4,26401,5.11,193.59
Illinois,Peoria,17143,2023,4,34401,6.57,190.88
Illinois,Other IL Counties,17999,2023,4,617623,123.11,199.34
Illinois,Cook,17031,2023,5,727662,136.23,187.21
Illinois,Lake,17097,2023,5,65640,12.78,194.64
Illinois,St. Clair,17163,2023,5,51205,9.69,189.31
Illinois,Winnebago,17201,2023,5,51525,9.66,187.4
Illinois,Kane,17089,2023,5,49982,9.51,190.22
Illinois,Sangamon,17167,2023,5,35834,6.73,187.76
Illinois,McLean,17113,2023,5,26671,5.09,190.91
Illinois,Champaign,17019,2023,5,24638,4.84,196.43
Illinois,Peoria,17143,2023,5,33976,6.7,197.13
Illinois,Other IL Counties,17999,2023,5,639867,124.98,195.32
Illinois,Cook,17031,2023,6,707574,129.25,182.67
Illinois,Lake,17097,2023,6,68992,13.39,194.12
Illinois,St. Clair,17163,2023,6,49903,9.31,186.59
Illinois,Winnebago,17201,2023,6,48609,9.21,189.54
Illinois,Kane,17089,2023,6,52808,10.26,194.21
Illinois,Sangamon,17167,2023,6,34597,6.76,195.36
Illinois,McLean,17113,2023,6,25759,4.98,193.34
Illinois,Champaign,17019,2023,6,25432,4.66,183.18
Illinois,Peoria,17143,2023,6,32866,6.03,183.44
Illinois,Other IL Counties,17999,2023,6,647460,126.25,194.99
Illinois,Cook,17031,2023,7,727817,131.32,180.42
Illinois,Lake,17097,2023,7,67723,12.57,185.56
Illinois,St. Clair,17163,2023,7,52054,9.8,188.3
Illinois,Winnebago,17201,2023,7,51085,9.26,181.32
Illinois,Kane,17089,2023,7,49556,9.66,195.03
Illinois,Sangamon,17167,2023,7,34417,6.47,187.92
Illinois,McLean,17113,2023,7,25939,4.99,192.38
Illinois,Champaign,17019,2023,7,24183,4.71,194.62
Illinois,Peoria,17143,2023,7,34159,6.38,186.78
Illinois,Other IL Counties,17999,2023,7,617067,120.64,195.51
Illinois,Cook,17031,2023,8,722156,134.44,186.17
Illinois,Lake,17097,2023,8,70113,13.51,192.74
Illinois,St. Clair,17163,2023,8,51378,9.44,183.71
Illinois,Winnebago,17201,2023,8,53032,9.94,187.49
Illinois,Kane,17089,2023,8,52751,9.59,181.81
Illinois,Sangamon,17167,2023,8,32510,5.96,183.28
Illinois,McLean,17113,2023,8,24485,4.55,185.84
Illinois,Champaign,17019,2023,8,25865,4.82,186.19
Illinois,Peoria,17143,2023,8,35269,6.86,194.47
Illinois,Other IL Counties,17999,2023,8,621441,119.29,191.96
Illinois,Cook,17031,2023,9,739134,138.32,187.14
Illinois,Lake,17097,2023,9,68958,13.22,191.73
Illinois,St. Clair,17163,2023,9,49117,9.23,187.94
Illinois,Winnebago,17201,2023,9,51200,9.78,190.99
Illinois,Kane,17089,2023,9,49339,9.75,197.7
Illinois,Sangamon,17167,2023,9,32843,6.35,193.37
Illinois,McLean,17113,2023,9,26077,5.02,192.56
Illinois,Champaign,17019,2023,9,26388,5.06,191.92
Illinois,Peoria,17143,2023,9,35126,6.45,183.75
Illinois,Other IL Counties,17999,2023,9,622818,121.7,195.41
Illinois,Cook,17031,2023,10,686757,134.53,195.89
Illinois,Lake,17097,2023,10,69046,13.54,196.04
Illinois,St. Clair,17163,2023,10,52761,10.15,192.41
Illinois,Winnebago,17201,2023,10,52104,10.09,193.67
Illinois,Kane,17089,2023,10,52043,9.91,190.44
Illinois,Sangamon,17167,2023,10,35824,6.93,193.44
Illinois,McLean,17113,2023,10,26477,5.2,196.57
Illinois,Champaign,17019,2023,10,25174,4.71,187.08
Illinois,Peoria,17143,2023,10,32752,6.31,192.76
Illinois,Other IL Counties,17999,2023,10,680062,130.42,191.78
Illinois,Cook,17031,2023,11,724197,138.87,191.76
Illinois,Lake,17097,2023,11,69816,13.51,193.47
Illinois,St. Clair,17163,2023,11,52941,10.59,200.09
Illinois,Winnebago,17201,2023,11,53679,10.94,203.88
Illinois,Kane,17089,2023,11,49896,9.7,194.38
Illinois,Sangamon,17167,2023,11,34752,6.73,193.57
Illinois,McLean,17113,2023,11,25818,4.98,192.76
Illinois,Champaign,17019,2023,11,25251,4.8,190.07
Illinois,Peoria,17143,2023,11,33815,6.58,194.59
Illinois,Other IL Counties,17999,2023,11,656835,132.5,201.73
Illinois,Cook,17031,2023,12,738382,143.66,194.56
Illinois,Lake,17097,2023,12,72059,13.92,193.15
Illinois,St. Clair,17163,2023,12,51240,10.24,199.79
Illinois,Winnebago,17201,2023,12,51163,10.37,202.74
Illinois,Kane,17089,2023,12,52130,10.36,198.79
Illinois,Sangamon,17167,2023,12,34755,6.8,195.52
Illinois,McLean,17113,2023,12,24826,5.11,205.63
Illinois,Champaign,17019,2023,12,26084,5.37,205.97
Illinois,Peoria,17143,2023,12,33769,6.63,196.22
Illinois,Other IL Counties,17999,2023,12,653592,132.65,202.95
Illinois,Cook,17031,2024,1,701162,140.06,199.75
Illinois,Lake,17097,2024,1,72593,14.69,202.3
Illinois,St. Clair,17163,2024,1,52285,10.48,200.42
Illinois,Winnebago,17201,2024,1,54260,10.78,198.73
Illinois,Kane,17089,2024,1,54445,11.08,203.47
Illinois,Sangamon,17167,2024,1,35882,7.09,197.69
Illinois,McLean,17113,2024,1,25959,5.22,200.95
Illinois,Champaign,17019,2024,1,25419,5.1,200.68
Illinois,Peoria,17143,2024,1,33469,6.69,199.9
Illinois,Other IL Counties,17999,2024,1,692526,138.12,199.44
Illinois,Cook,17031,2024,2,751847,146.57,194.95
Illinois,Lake,17097,2024,2,73171,14.73,201.31
Illinois,St. Clair,17163,2024,2,50325,10.37,205.99
Illinois,Winnebago,17201,2024,2,51764,10.51,203.13
Illinois,Kane,17089,2024,2,51478,10.57,205.42
Illinois,Sangamon,17167,2024,2,35769,6.93,193.67
Illinois,McLean,17113,2024,2,26183,5.2,198.45
Illinois,Champaign,17019,2024,2,24970,4.81,192.69
Illinois,Peoria,17143,2024,2,34297,6.79,198.03
Illinois,Other IL Counties,17999,2024,2,644196,129.61,201.2
Illinois,Cook,17031,2024,3,725983,144.58,199.15
Illinois,Lake,17097,2024,3,69547,13.54,194.75
Illinois,St. Clair,17163,2024,3,52668,10.12,192.14
Illinois,Winnebago,17201,2024,3,54635,11.0,201.25
Illinois,Kane,17089,2024,3,51034,9.95,194.89
Illinois,Sangamon,17167,2024,3,35859,7.1,197.98
Illinois,McLean,17113,2024,3,26583,5.17,194.31
Illinois,Champaign,17019,2024,3,26862,5.25,195.39
Illinois,Peoria,17143,2024,3,35323,7.24,205.05
Illinois,Other IL Counties,17999,2024,3,657506,128.86,195.98
Illinois,Cook,17031,2024,4,730564,145.85,199.64
Illinois,Lake,17097,2024,4,70554,13.97,197.94
Illinois,St. Clair,17163,2024,4,49300,9.59,194.61
Illinois,Winnebago,17201,2024,4,54167,10.8,199.42
Illinois,Kane,17089,2024,4,53179,10.43,196.22
Illinois,Sangamon,17167,2024,4,35263,6.92,196.31
Illinois,McLean,17113,2024,4,25022,4.93,197.02
Illinois,Champaign,17019,2024,4,26184,5.25,200.33
Illinois,Peoria,17143,2024,4,33284,6.58,197.83
Illinois,Other IL Counties,17999,2024,4,647483,122.07,188.53
Illinois,Cook,17031,2024,5,686959,137.59,200.28
Illinois,Lake,17097,2024,5,65962,12.26,185.91
Illinois,St. Clair,17163,2024,5,50520,9.5,187.96
Illinois,Winnebago,17201,2024,5,52460,10.07,191.96
Illinois,Kane,17089,2024,5,52895,10.57,199.85
Illinois,Sangamon,17167,2024,5,35599,7.01,197.0
Illinois,McLean,17113,2024,5,24613,4.62,187.75
Illinois,Champaign,17019,2024,5,24986,4.76,190.64
Illinois,Peoria,17143,2024,5,34876,6.76,193.74
Illinois,Other IL Counties,17999,2024,5,687130,128.76,187.39
Illinois,Cook,17031,2024,6,701938,130.46,185.85
Illinois,Lake,17097,2024,6,70927,13.36,188.43
Illinois,St. Clair,17163,2024,6,50345,9.82,194.99
Illinois,Winnebago,17201,2024,6,52218,10.08,193.03
Illinois,Kane,17089,2024,6,52077,10.03,192.52
Illinois,Sangamon,17167,2024,6,33011,6.17,186.97
Illinois,McLean,17113,2024,6,25693,4.8,186.64
Illinois,Champaign,17019,2024,6,26753,5.02,187.75
Illinois,Peoria,17143,2024,6,33341,6.21,186.37
Illinois,Other IL Counties,17999,2024,6,656697,129.15,196.67
Illinois,Cook,17031,2024,7,725207,135.32,186.59
Illinois,Lake,17097,2024,7,66656,13.06,195.93
Illinois,St. Clair,17163,2024,7,52259,9.72,185.93
Illinois,Winnebago,17201,2024,7,48840,9.38,192.04
Illinois,Kane,17089,2024,7,50149,9.86,196.63
Illinois,Sangamon,17167,2024,7,34917,6.85,196.25
Illinois,McLean,17113,2024,7,26153,4.87,186.19
Illinois,Champaign,17019,2024,7,24841,4.78,192.6
Illinois,Peoria,17143,2024,7,33320,6.28,188.49
Illinois,Other IL Counties,17999,2024,7,629658,120.28,191.03
Illinois,Cook,17031,2024,8,695380,132.14,190.02
Illinois,Lake,17097,2024,8,65857,12.57,190.93
Illinois,St. Clair,17163,2024,8,53114,10.27,193.33
Illinois,Winnebago,17201,2024,8,49063,9.43,192.1
Illinois,Kane,17089,2024,8,51352,9.57,186.42
Illinois,Sangamon,17167,2024,8,34516,6.59,190.81
Illinois,McLean,17113,2024,8,25806,4.74,183.53
Illinois,Champaign,17019,2024,8,25234,4.89,193.65
Illinois,Peoria,17143,2024,8,32584,6.34,194.46
Illinois,Other IL Counties,17999,2024,8,664094,126.58,190.6
Illinois,Cook,17031,2024,9,682662,187.77,275.05
Illinois,Lake,17097,2024,9,68744,15.04,218.84
Illinois,St. Clair,17163,2024,9,58445,17.93,306.79
Illinois,Winnebago,17201,2024,9,53531,11.67,217.98
Illinois,Kane,17089,2024,9,51184,10.57,206.49
Illinois,Sangamon,17167,2024,9,35786,7.46,208.55
Illinois,McLean,17113,2024,9,26024,5.69,218.48
Illinois,Champaign,17019,2024,9,24596,5.23,212.83
Illinois,Peoria,17143,2024,9,34320,7.39,215.36
Illinois,Other IL Counties,17999,2024,9,674708,93.04,137.9
Illinois,Cook,17031,2024,10,754821,152.78,202.41
Illinois,Lake,17097,2024,10,66641,13.46,201.92
Illinois,St. Clair,17163,2024,10,49985,10.12,202.51
Illinois,Winnebago,17201,2024,10,54228,10.54,194.32
Illinois,Kane,17089,2024,10,51636,10.47,202.77
Illinois,Sangamon,17167,2024,10,36031,7.3,202.61
Illinois,McLean,17113,2024,10,26803,5.05,188.24
Illinois,Champaign,17019,2024,10,26005,4.94,189.77
Illinois,Peoria,17143,2024,10,36103,6.95,192.55
Illinois,Other IL Counties,17999,2024,10,619747,115.8,186.85
Illinois,Cook,17031,2024,11,764340,152.42,199.42
Illinois,Lake,17097,2024,11,69357,14.27,205.7
Illinois,St. Clair,17163,2024,11,53877,10.68,198.22
Illinois,Winnebago,17201,2024,11,50451,9.72,192.57
Illinois,Kane,17089,2024,11,50293,9.96,198.08
Illinois,Sangamon,17167,2024,11,33857,6.56,193.74
Illinois,McLean,17113,2024,11,26640,5.42,203.35
Illinois,Champaign,17019,2024,11,26201,5.31,202.82
Illinois,Peoria,17143,2024,11,33573,6.86,204.39
Illinois,Other IL Counties,17999,2024,11,626411,123.6,197.31
Illinois,Cook,17031,2024,12,761999,156.88,205.88
Illinois,Lake,17097,2024,12,69906,13.56,194.0
Illinois,St. Clair,17163,2024,12,53236,10.41,195.57
Illinois,Winnebago,17201,2024,12,50468,9.98,197.8
Illinois,Kane,17089,2024,12,51031,10.04,196.79
Illinois,Sangamon,17167,2024,12,33976,6.95,204.7
Illinois,McLean,17113,2024,12,27363,5.4,197.45
Illinois,Champaign,17019,2024,12,26758,5.16,192.79
Illinois,Peoria,17143,2024,12,35436,7.22,203.72
Illinois,Other IL Counties,17999,2024,12,634827,124.49,196.1
Illinois,Cook,17031,2025,1,704422,137.91,195.77
Illinois,Lake,17097,2025,1,68804,13.79,200.41
Illinois,St. Clair,17163,2025,1,52633,10.96,208.32
Illinois,Winnebago,17201,2025,1,53691,10.68,198.89
Illinois,Kane,17089,2025,1,50606,10.56,208.66
Illinois,Sangamon,17167,2025,1,34360,7.0,203.79
Illinois,McLean,17113,2025,1,25571,5.01,196.02
Illinois,Champaign,17019,2025,1,25397,5.23,205.94
Illinois,Peoria,17143,2025,1,35450,7.11,200.58
Illinois,Other IL Counties,17999,2025,1,703066,145.95,207.59
Illinois,Cook,17031,2025,2,738618,147.84,200.16
Illinois,Lake,17097,2025,2,70262,14.28,203.26
Illinois,St. Clair,17163,2025,2,51021,10.03,196.58
Illinois,Winnebago,17201,2025,2,53837,11.12,206.62
Illinois,Kane,17089,2025,2,50304,10.05,199.78
Illinois,Sangamon,17167,2025,2,35713,6.92,193.86
Illinois,McLean,17113,2025,2,26418,5.11,193.6
Illinois,Champaign,17019,2025,2,26375,5.29,200.72
Illinois,Peoria,17143,2025,2,35254,6.87,195.01
Illinois,Other IL Counties,17999,2025,2,662198,133.57,201.7
Illinois,Cook,17031,2025,3,719477,143.8,199.86
Illinois,Lake,17097,2025,3,67044,13.06,194.84
Illinois,St. Clair,17163,2025,3,52724,10.18,193.01
Illinois,Winnebago,17201,2025,3,52344,10.7,204.47
Illinois,Kane,17089,2025,3,52046,10.4,199.75
Illinois,Sangamon,17167,2025,3,34709,6.68,192.48
Illinois,McLean,17113,2025,3,26046,5.32,204.44
Illinois,Champaign,17019,2025,3,26728,5.29,197.88
Illinois,Peoria,17143,2025,3,35963,7.32,203.46
Illinois,Other IL Counties,17999,2025,3,675919,135.05,199.81
Pennsylvania,,,2023,1,1638000,306.3,187.0
Pennsylvania,,,2023,2,1634000,303.1,185.47
Pennsylvania,,,2023,3,1627000,300.4,184.63
Pennsylvania,,,2023,4,1618000,295.1,182.39
Pennsylvania,,,2023,5,1610000,291.3,180.93
Pennsylvania,,,2023,6,1598000,285.4,178.6
Pennsylvania,,,2023,7,1589000,281.1,176.91
Pennsylvania,,,2023,8,1594000,283.8,178.04
Pennsylvania,,,2023,9,1606000,290.2,180.7
Pennsylvania,,,2023,10,1618000,296.8,183.44
Pennsylvania,,,2023,11,1631000,304.1,186.45
Pennsylvania,,,2023,12,1641000,310.2,188.91
Pennsylvania,,,2024,1,1652000,314.8,190.56
Pennsylvania,,,2024,2,1648000,311.4,188.96
Pennsylvania,,,2024,3,1640000,308.1,187.87
Pennsylvania,,,2024,4,1629000,302.4,185.64
Pennsylvania,,,2024,5,1621000,298.1,183.9
Pennsylvania,,,2024,6,1609000,291.8,181.35
Pennsylvania,,,2024,7,1599000,287.4,179.74
Pennsylvania,,,2024,8,1604000,290.1,180.86
Pennsylvania,,,2024,9,1617000,297.4,183.86
Pennsylvania,,,2024,10,1629000,304.1,186.68
Pennsylvania,,,2024,11,1641000,311.8,190.01
Pennsylvania,,,2024,12,1651000,317.4,192.25
Pennsylvania,,,2025,1,1660000,321.8,193.86
Pennsylvania,,,2025,2,1656000,318.9,192.51
Pennsylvania,,,2025,3,1649000,315.4,191.27
Georgia,Fulton,13121,2023,1,153291,25.55,166.69
Georgia,DeKalb,13089,2023,1,119788,20.0,166.94
Georgia,Gwinnett,13135,2023,1,79807,14.28,178.99
Georgia,Cobb,13067,2023,1,58217,10.42,178.98
Georgia,Clayton,13063,2023,1,57991,9.96,171.72
Georgia,Chatham,13051,2023,1,46857,8.28,176.66
Georgia,Richmond,13245,2023,1,47812,8.37,175.0
Georgia,Colquitt,13071,2023,1,22633,4.07,179.8
Georgia,Tift,13277,2023,1,18037,3.21,178.09
Georgia,Other GA Counties,13999,2023,1,916567,158.96,173.43
Georgia,Fulton,13121,2023,2,157870,26.83,169.94
Georgia,DeKalb,13089,2023,2,123577,21.49,173.87
Georgia,Gwinnett,13135,2023,2,76148,13.23,173.76
Georgia,Cobb,13067,2023,2,59756,9.99,167.23
Georgia,Clayton,13063,2023,2,60906,10.48,172.05
Georgia,Chatham,13051,2023,2,46546,7.81,167.84
Georgia,Richmond,13245,2023,2,43250,7.14,165.1
Georgia,Colquitt,13071,2023,2,22296,3.88,174.03
Georgia,Tift,13277,2023,2,18284,3.15,172.09
Georgia,Other GA Counties,13999,2023,2,908367,156.4,172.18
Georgia,Fulton,13121,2023,3,155779,26.08,167.39
Georgia,DeKalb,13089,2023,3,118862,19.94,167.77
Georgia,Gwinnett,13135,2023,3,78750,13.7,173.92
Georgia,Cobb,13067,2023,3,58023,10.16,175.07
Georgia,Clayton,13063,2023,3,59872,10.45,174.48
Georgia,Chatham,13051,2023,3,47007,7.72,164.22
Georgia,Richmond,13245,2023,3,43939,7.27,165.39
Georgia,Colquitt,13071,2023,3,21579,3.72,172.18
Georgia,Tift,13277,2023,3,18476,3.04,164.67
Georgia,Other GA Counties,13999,2023,3,906713,155.74,171.76
Georgia,Fulton,13121,2023,4,153403,25.64,167.17
Georgia,DeKalb,13089,2023,4,116656,19.21,164.68
Georgia,Gwinnett,13135,2023,4,77624,12.61,162.51
Georgia,Cobb,13067,2023,4,59943,9.93,165.65
Georgia,Clayton,13063,2023,4,61812,10.61,171.61
Georgia,Chatham,13051,2023,4,44126,7.49,169.81
Georgia,Richmond,13245,2023,4,45715,7.59,166.07
Georgia,Colquitt,13071,2023,4,22024,3.6,163.68
Georgia,Tift,13277,2023,4,18263,3.01,164.73
Georgia,Other GA Counties,13999,2023,4,898434,152.69,169.96
Georgia,Fulton,13121,2023,5,145929,23.54,161.29
Georgia,DeKalb,13089,2023,5,124462,21.44,172.24
Georgia,Gwinnett,13135,2023,5,77514,13.09,168.84
Georgia,Cobb,13067,2023,5,59126,9.88,167.1
Georgia,Clayton,13063,2023,5,62372,10.79,173.07
Georgia,Chatham,13051,2023,5,45435,7.77,170.98
Georgia,Richmond,13245,2023,5,43860,7.28,166.04
Georgia,Colquitt,13071,2023,5,21551,3.57,165.51
Georgia,Tift,13277,2023,5,18322,3.06,166.81
Georgia,Other GA Counties,13999,2023,5,890429,148.49,166.76
Georgia,Fulton,13121,2023,6,152652,24.76,162.18
Georgia,DeKalb,13089,2023,6,120449,20.34,168.84
Georgia,Gwinnett,13135,2023,6,76808,12.72,165.63
Georgia,Cobb,13067,2023,6,61759,10.23,165.57
Georgia,Clayton,13063,2023,6,56841,9.18,161.42
Georgia,Chatham,13051,2023,6,42937,7.16,166.74
Georgia,Richmond,13245,2023,6,46118,7.81,169.39
Georgia,Colquitt,13071,2023,6,21223,3.56,167.77
Georgia,Tift,13277,2023,6,17152,2.77,161.76
Georgia,Other GA Counties,13999,2023,6,879061,144.58,164.47
Georgia,Fulton,13121,2023,7,148942,24.56,164.87
Georgia,DeKalb,13089,2023,7,121495,19.37,159.44
Georgia,Gwinnett,13135,2023,7,75115,12.5,166.45
Georgia,Cobb,13067,2023,7,58904,9.62,163.25
Georgia,Clayton,13063,2023,7,60723,9.8,161.33
Georgia,Chatham,13051,2023,7,45927,7.22,157.18
Georgia,Richmond,13245,2023,7,45840,7.77,169.56
Georgia,Colquitt,13071,2023,7,21119,3.59,170.06
Georgia,Tift,13277,2023,7,17530,2.81,160.15
Georgia,Other GA Counties,13999,2023,7,868405,142.17,163.71
Georgia,Fulton,13121,2023,8,148534,23.88,160.8
Georgia,DeKalb,13089,2023,8,122481,20.26,165.38
Georgia,Gwinnett,13135,2023,8,75525,12.32,163.12
Georgia,Cobb,13067,2023,8,58997,9.61,162.84
Georgia,Clayton,13063,2023,8,57397,9.46,164.86
Georgia,Chatham,13051,2023,8,44087,7.03,159.4
Georgia,Richmond,13245,2023,8,46222,7.59,164.29
Georgia,Colquitt,13071,2023,8,22799,3.88,170.15
Georgia,Tift,13277,2023,8,17411,2.85,163.56
Georgia,Other GA Counties,13999,2023,8,876547,145.22,165.68
Georgia,Fulton,13121,2023,9,149227,24.44,163.77
Georgia,DeKalb,13089,2023,9,114439,18.8,164.29
Georgia,Gwinnett,13135,2023,9,77373,13.04,168.56
Georgia,Cobb,13067,2023,9,58831,9.58,162.84
Georgia,Clayton,13063,2023,9,58310,9.67,165.89
Georgia,Chatham,13051,2023,9,45973,7.7,167.49
Georgia,Richmond,13245,2023,9,45177,7.68,169.98
Georgia,Colquitt,13071,2023,9,21705,3.73,171.81
Georgia,Tift,13277,2023,9,18626,3.16,169.4
Georgia,Other GA Counties,13999,2023,9,893339,150.6,168.58
Georgia,Fulton,13121,2023,10,149459,24.77,165.73
Georgia,DeKalb,13089,2023,10,123210,20.42,165.75
Georgia,Gwinnett,13135,2023,10,76447,13.0,170.09
Georgia,Cobb,13067,2023,10,62334,10.65,170.82
Georgia,Clayton,13063,2023,10,60688,9.97,164.24
Georgia,Chatham,13051,2023,10,42787,7.49,174.97
Georgia,Richmond,13245,2023,10,46878,8.09,172.54
Georgia,Colquitt,13071,2023,10,23033,3.89,169.06
Georgia,Tift,13277,2023,10,18566,3.09,166.59
Georgia,Other GA Counties,13999,2023,10,892598,153.43,171.89
Georgia,Fulton,13121,2023,11,154230,25.68,166.52
Georgia,DeKalb,13089,2023,11,120949,20.75,171.57
Georgia,Gwinnett,13135,2023,11,76440,13.43,175.64
Georgia,Cobb,13067,2023,11,61144,10.58,173.1
Georgia,Clayton,13063,2023,11,60366,10.05,166.49
Georgia,Chatham,13051,2023,11,45564,7.59,166.56
Georgia,Richmond,13245,2023,11,45463,7.74,170.21
Georgia,Colquitt,13071,2023,11,23747,3.96,166.63
Georgia,Tift,13277,2023,11,18699,3.29,175.74
Georgia,Other GA Counties,13999,2023,11,904398,158.83,175.62
Georgia,Fulton,13121,2023,12,156962,28.43,181.13
Georgia,DeKalb,13089,2023,12,117051,19.87,169.72
Georgia,Gwinnett,13135,2023,12,73476,12.57,171.06
Georgia,Cobb,13067,2023,12,61081,10.98,179.8
Georgia,Clayton,13063,2023,12,59502,10.35,173.93
Georgia,Chatham,13051,2023,12,45109,7.85,174.06
Georgia,Richmond,13245,2023,12,45986,8.38,182.26
Georgia,Colquitt,13071,2023,12,22218,3.95,177.96
Georgia,Tift,13277,2023,12,18911,3.36,177.54
Georgia,Other GA Counties,13999,2023,12,922704,161.36,174.88
Georgia,Fulton,13121,2024,1,158998,28.7,180.48
Georgia,DeKalb,13089,2024,1,117808,20.63,175.1
Georgia,Gwinnett,13135,2024,1,77154,13.16,170.53
Georgia,Cobb,13067,2024,1,58388,10.05,172.16
Georgia,Clayton,13063,2024,1,61399,10.8,175.88
Georgia,Chatham,13051,2024,1,47359,8.42,177.74
Georgia,Richmond,13245,2024,1,47698,8.16,171.09
Georgia,Colquitt,13071,2024,1,23089,3.93,170.34
Georgia,Tift,13277,2024,1,17888,3.26,182.02
Georgia,Other GA Counties,13999,2024,1,925219,164.3,177.58
Georgia,Fulton,13121,2024,2,159033,27.87,175.23
Georgia,DeKalb,13089,2024,2,116926,19.83,169.59
Georgia,Gwinnett,13135,2024,2,79807,14.46,181.18
Georgia,Cobb,13067,2024,2,61628,10.42,169.01
Georgia,Clayton,13063,2024,2,63865,11.05,172.96
Georgia,Chatham,13051,2024,2,48049,8.49,176.79
Georgia,Richmond,13245,2024,2,47088,8.41,178.56
Georgia,Colquitt,13071,2024,2,22731,3.86,169.63
Georgia,Tift,13277,2024,2,17751,3.05,171.92
Georgia,Other GA Counties,13999,2024,2,914122,161.37,176.53
Georgia,Fulton,13121,2024,3,157396,27.24,173.04
Georgia,DeKalb,13089,2024,3,126671,21.82,172.24
Georgia,Gwinnett,13135,2024,3,78096,13.24,169.56
Georgia,Cobb,13067,2024,3,63895,11.36,177.72
Georgia,Clayton,13063,2024,3,60924,11.04,181.21
Georgia,Chatham,13051,2024,3,43650,7.58,173.71
Georgia,Richmond,13245,2024,3,47237,8.14,172.36
Georgia,Colquitt,13071,2024,3,23459,4.24,180.94
Georgia,Tift,13277,2024,3,18087,3.23,178.41
Georgia,Other GA Counties,13999,2024,3,903585,158.01,174.87
Georgia,Fulton,13121,2024,4,144087,24.34,168.9
Georgia,DeKalb,13089,2024,4,126918,21.82,171.89
Georgia,Gwinnett,13135,2024,4,74509,13.27,178.09
Georgia,Cobb,13067,2024,4,60067,10.48,174.49
Georgia,Clayton,13063,2024,4,61451,10.22,166.32
Georgia,Chatham,13051,2024,4,45898,8.08,176.12
Georgia,Richmond,13245,2024,4,46326,7.7,166.27
Georgia,Colquitt,13071,2024,4,21895,3.83,174.93
Georgia,Tift,13277,2024,4,18386,3.22,175.32
Georgia,Other GA Counties,13999,2024,4,912463,157.14,172.21
Georgia,Fulton,13121,2024,5,147544,24.38,165.22
Georgia,DeKalb,13089,2024,5,114290,19.2,167.97
Georgia,Gwinnett,13135,2024,5,74097,12.41,167.45
Georgia,Cobb,13067,2024,5,57910,9.63,166.32
Georgia,Clayton,13063,2024,5,59812,10.25,171.34
Georgia,Chatham,13051,2024,5,44675,7.33,164.12
Georgia,Richmond,13245,2024,5,44431,7.33,165.04
Georgia,Colquitt,13071,2024,5,22766,3.83,168.19
Georgia,Tift,13277,2024,5,17829,2.99,167.75
Georgia,Other GA Counties,13999,2024,5,919646,159.05,172.95
Georgia,Fulton,13121,2024,6,147229,23.91,162.38
Georgia,DeKalb,13089,2024,6,123898,21.48,173.4
Georgia,Gwinnett,13135,2024,6,78009,13.18,168.93
Georgia,Cobb,13067,2024,6,57592,9.58,166.36
Georgia,Clayton,13063,2024,6,57408,9.49,165.29
Georgia,Chatham,13051,2024,6,44639,7.24,162.09
Georgia,Richmond,13245,2024,6,44378,7.41,166.9
Georgia,Colquitt,13071,2024,6,22299,3.62,162.28
Georgia,Tift,13277,2024,6,17424,2.87,164.55
Georgia,Other GA Counties,13999,2024,6,896124,151.33,168.87
Georgia,Fulton,13121,2024,7,149647,25.12,167.83
Georgia,DeKalb,13089,2024,7,114640,18.5,161.34
Georgia,Gwinnett,13135,2024,7,72456,12.5,172.56
Georgia,Cobb,13067,2024,7,58128,9.78,168.18
Georgia,Clayton,13063,2024,7,60917,10.01,164.31
Georgia,Chatham,13051,2024,7,43607,7.45,170.78
Georgia,Richmond,13245,2024,7,45934,7.94,172.9
Georgia,Colquitt,13071,2024,7,21363,3.51,164.19
Georgia,Tift,13277,2024,7,18529,3.01,162.59
Georgia,Other GA Counties,13999,2024,7,892779,148.39,166.21
Georgia,Fulton,13121,2024,8,145642,25.36,174.13
Georgia,DeKalb,13089,2024,8,124284,20.52,165.09
Georgia,Gwinnett,13135,2024,8,75646,12.69,167.77
Georgia,Cobb,13067,2024,8,59810,9.83,164.43
Georgia,Clayton,13063,2024,8,58624,10.09,172.14
Georgia,Chatham,13051,2024,8,44043,7.17,162.7
Georgia,Richmond,13245,2024,8,44804,7.58,169.13
Georgia,Colquitt,13071,2024,8,22361,3.81,170.33
Georgia,Tift,13277,2024,8,17897,3.11,173.97
Georgia,Other GA Counties,13999,2024,8,890889,148.94,167.18
Georgia,Fulton,13121,2024,9,160581,30.77,191.6
Georgia,DeKalb,13089,2024,9,128166,23.75,185.31
Georgia,Gwinnett,13135,2024,9,82154,15.88,193.27
Georgia,Cobb,13067,2024,9,66386,12.42,187.09
Georgia,Clayton,13063,2024,9,83817,25.27,301.54
Georgia,Chatham,13051,2024,9,49004,9.04,184.57
Georgia,Richmond,13245,2024,9,49127,9.42,191.71
Georgia,Colquitt,13071,2024,9,24878,4.53,182.04
Georgia,Tift,13277,2024,9,20293,3.82,188.15
Georgia,Other GA Counties,13999,2024,9,947594,168.9,178.24
Georgia,Fulton,13121,2024,10,158214,29.53,186.65
Georgia,DeKalb,13089,2024,10,133214,25.23,189.41
Georgia,Gwinnett,13135,2024,10,80248,15.32,190.89
Georgia,Cobb,13067,2024,10,63022,12.13,192.45
Georgia,Clayton,13063,2024,10,80193,23.19,289.15
Georgia,Chatham,13051,2024,10,48602,8.77,180.36
Georgia,Richmond,13245,2024,10,49229,9.3,188.9
Georgia,Colquitt,13071,2024,10,23622,4.46,188.74
Georgia,Tift,13277,2024,10,18302,3.55,193.77
Georgia,Other GA Counties,13999,2024,10,943354,166.63,176.64
Georgia,Fulton,13121,2024,11,154901,27.2,175.59
Georgia,DeKalb,13089,2024,11,124836,22.92,183.6
Georgia,Gwinnett,13135,2024,11,75570,12.85,170.08
Georgia,Cobb,13067,2024,11,59411,10.53,177.16
Georgia,Clayton,13063,2024,11,60994,10.87,178.15
Georgia,Chatham,13051,2024,11,46003,8.11,176.24
Georgia,Richmond,13245,2024,11,45162,8.17,180.87
Georgia,Colquitt,13071,2024,11,23032,4.08,177.02
Georgia,Tift,13277,2024,11,17980,3.06,170.28
Georgia,Other GA Counties,13999,2024,11,914111,161.62,176.81
Georgia,Fulton,13121,2024,12,147237,26.21,177.99
Georgia,DeKalb,13089,2024,12,128302,22.28,173.69
Georgia,Gwinnett,13135,2024,12,80027,13.93,174.05
Georgia,Cobb,13067,2024,12,60166,10.74,178.55
Georgia,Clayton,13063,2024,12,59522,10.65,178.95
Georgia,Chatham,13051,2024,12,45880,8.18,178.3
Georgia,Richmond,13245,2024,12,46894,8.28,176.59
Georgia,Colquitt,13071,2024,12,22535,4.14,183.64
Georgia,Tift,13277,2024,12,17687,3.26,184.2
Georgia,Other GA Counties,13999,2024,12,924750,167.13,180.73
Georgia,Fulton,13121,2025,1,156583,32.85,209.8
Georgia,DeKalb,13089,2025,1,119296,25.63,214.88
Georgia,Gwinnett,13135,2025,1,75174,15.15,201.48
Georgia,Cobb,13067,2025,1,59622,12.39,207.86
Georgia,Clayton,13063,2025,1,64549,13.07,202.43
Georgia,Chatham,13051,2025,1,45850,9.25,201.65
Georgia,Richmond,13245,2025,1,46940,9.66,205.75
Georgia,Colquitt,13071,2025,1,24260,8.53,351.68
Georgia,Tift,13277,2025,1,19663,6.51,330.99
Georgia,Other GA Counties,13999,2025,1,931063,186.17,199.95
Georgia,Fulton,13121,2025,2,149241,30.85,206.71
Georgia,DeKalb,13089,2025,2,121751,25.39,208.56
Georgia,Gwinnett,13135,2025,2,74686,15.63,209.34
Georgia,Cobb,13067,2025,2,63460,12.57,198.02
Georgia,Clayton,13063,2025,2,59108,12.49,211.31
Georgia,Chatham,13051,2025,2,44724,9.05,202.34
Georgia,Richmond,13245,2025,2,45974,9.25,201.3
Georgia,Colquitt,13071,2025,2,25835,8.75,338.58
Georgia,Tift,13277,2025,2,18519,3.84,207.48
Georgia,Other GA Counties,13999,2025,2,935702,187.97,200.89
Georgia,Fulton,13121,2025,3,154584,27.83,180.04
Georgia,DeKalb,13089,2025,3,123545,21.78,176.28
Georgia,Gwinnett,13135,2025,3,79194,14.26,180.13
Georgia,Cobb,13067,2025,3,63161,11.46,181.39
Georgia,Clayton,13063,2025,3,59999,10.8,180.08
Georgia,Chatham,13051,2025,3,44022,7.63,173.22
Georgia,Richmond,13245,2025,3,44174,7.76,175.67
Georgia,Colquitt,13071,2025,3,22237,4.03,181.21
Georgia,Tift,13277,2025,3,18391,3.26,177.28
Georgia,Other GA Counties,13999,2025,3,921693,164.39,178.35
Ohio,,,2023,1,1445000,264.4,182.98
Ohio,,,2023,2,1441000,261.8,181.68
Ohio,,,2023,3,1434000,259.1,180.68
Ohio,,,2023,4,1424000,254.1,178.44
Ohio,,,2023,5,1416000,250.4,176.84
Ohio,,,2023,6,1404000,245.1,174.57
Ohio,,,2023,7,1394000,241.2,173.03
Ohio,,,2023,8,1399000,243.8,174.27
Ohio,,,2023,9,1412000,249.9,176.98
Ohio,,,2023,10,1425000,256.1,179.72
Ohio,,,2023,11,1438000,262.8,182.75
Ohio,,,2023,12,1448000,268.1,185.15
Ohio,,,2024,1,1458000,272.4,186.83
Ohio,,,2024,2,1454000,269.8,185.56
Ohio,,,2024,3,1447000,266.9,184.42
Ohio,,,2024,4,1436000,261.4,181.95
Ohio,,,2024,5,1428000,257.1,180.04
Ohio,,,2024,6,1416000,251.4,177.54
Ohio,,,2024,7,1406000,247.8,176.24
Ohio,,,2024,8,1411000,250.4,177.46
Ohio,,,2024,9,1424000,257.1,180.55
Ohio,,,2024,10,1436000,263.4,183.43
Ohio,,,2024,11,1448000,270.1,186.53
Ohio,,,2024,12,1457000,275.4,188.95
Ohio,,,2025,1,1466000,279.8,190.86
Ohio,,,2025,2,1462000,277.1,189.53
Ohio,,,2025,3,1455000,274.2,188.45
Michigan,,,2023,1,1312000,249.3,190.02
Michigan,,,2023,2,1308000,246.8,188.69
Michigan,,,2023,3,1301000,244.1,187.63
Michigan,,,2023,4,1291000,239.4,185.44
Michigan,,,2023,5,1283000,235.8,183.79
Michigan,,,2023,6,1271000,230.4,181.35
Michigan,,,2023,7,1262000,226.9,179.79
Michigan,,,2023,8,1267000,229.4,181.06
Michigan,,,2023,9,1279000,235.1,183.82
Michigan,,,2023,10,1291000,241.2,186.83
Michigan,,,2023,11,1304000,248.1,190.26
Michigan,,,2023,12,1314000,253.4,192.85
Michigan,,,2024,1,1324000,257.8,194.71
Michigan,,,2024,2,1320000,255.1,193.26
Michigan,,,2024,3,1313000,252.1,192.0
Michigan,,,2024,4,1303000,246.8,189.41
Michigan,,,2024,5,1295000,243.1,187.72
Michigan,,,2024,6,1283000,237.4,185.11
Michigan,,,2024,7,1274000,233.8,183.52
Michigan,,,2024,8,1279000,236.2,184.68
Michigan,,,2024,9,1291000,242.4,187.76
Michigan,,,2024,10,1303000,248.8,190.94
Michigan,,,2024,11,1315000,255.4,194.22
Michigan,,,2024,12,1324000,260.8,196.98
Michigan,,,2025,1,1333000,265.1,198.87
Michigan,,,2025,2,1329000,262.4,197.44
Michigan,,,2025,3,1322000,259.8,196.52
North Carolina,Mecklenburg,37119,2023,1,93680,15.88,169.48
North Carolina,Wake,37183,2023,1,58840,10.17,172.92
North Carolina,Guilford,37081,2023,1,61925,10.72,173.06
North Carolina,Cumberland,37051,2023,1,51029,8.77,171.82
North Carolina,Forsyth,37067,2023,1,36412,6.05,166.15
North Carolina,Robeson,37155,2023,1,35774,6.1,170.4
North Carolina,Sampson,37163,2023,1,17411,2.94,169.14
North Carolina,Duplin,37061,2023,1,13864,2.3,166.1
North Carolina,Durham,37063,2023,1,37598,6.67,177.42
North Carolina,Other NC Counties,37999,2023,1,808467,138.2,170.94
North Carolina,Mecklenburg,37119,2023,2,96932,16.43,169.54
North Carolina,Wake,37183,2023,2,61668,10.39,168.47
North Carolina,Guilford,37081,2023,2,62608,10.61,169.46
North Carolina,Cumberland,37051,2023,2,46418,7.58,163.24
North Carolina,Forsyth,37067,2023,2,37278,6.22,166.79
North Carolina,Robeson,37155,2023,2,35512,6.04,170.12
North Carolina,Sampson,37163,2023,2,17562,2.97,169.03
North Carolina,Duplin,37061,2023,2,14884,2.58,173.22
North Carolina,Durham,37063,2023,2,36510,6.0,164.36
North Carolina,Other NC Counties,37999,2023,2,801628,136.58,170.38
North Carolina,Mecklenburg,37119,2023,3,92604,15.97,172.4
North Carolina,Wake,37183,2023,3,62146,10.37,166.89
North Carolina,Guilford,37081,2023,3,62142,10.1,162.5
North Carolina,Cumberland,37051,2023,3,49214,8.33,169.32
North Carolina,Forsyth,37067,2023,3,37889,6.19,163.32
North Carolina,Robeson,37155,2023,3,37312,6.42,172.08
North Carolina,Sampson,37163,2023,3,17694,3.1,175.43
North Carolina,Duplin,37061,2023,3,14375,2.4,166.65
North Carolina,Durham,37063,2023,3,37264,6.26,167.87
North Carolina,Other NC Counties,37999,2023,3,793360,133.97,168.86
North Carolina,Mecklenburg,37119,2023,4,100322,17.08,170.28
North Carolina,Wake,37183,2023,4,58178,9.93,170.75
North Carolina,Guilford,37081,2023,4,60275,9.92,164.62
North Carolina,Cumberland,37051,2023,4,48807,8.22,168.38
North Carolina,Forsyth,37067,2023,4,34652,5.61,161.8
North Carolina,Robeson,37155,2023,4,34798,5.66,162.7
North Carolina,Sampson,37163,2023,4,17135,2.82,164.62
North Carolina,Duplin,37061,2023,4,14026,2.34,167.13
North Carolina,Durham,37063,2023,4,35217,5.96,169.33
North Carolina,Other NC Counties,37999,2023,4,791590,131.55,166.18
North Carolina,Mecklenburg,37119,2023,5,92959,15.05,161.89
North Carolina,Wake,37183,2023,5,61474,10.53,171.37
North Carolina,Guilford,37081,2023,5,60414,9.64,159.62
North Carolina,Cumberland,37051,2023,5,49677,8.38,168.73
North Carolina,Forsyth,37067,2023,5,37101,6.36,171.46
North Carolina,Robeson,37155,2023,5,36917,5.91,160.04
North Carolina,Sampson,37163,2023,5,18456,2.98,161.66
North Carolina,Duplin,37061,2023,5,14545,2.46,169.29
North Carolina,Durham,37063,2023,5,36541,6.11,167.29
North Carolina,Other NC Counties,37999,2023,5,778916,128.36,164.8
North Carolina,Mecklenburg,37119,2023,6,93900,15.37,163.73
North Carolina,Wake,37183,2023,6,57391,9.27,161.6
North Carolina,Guilford,37081,2023,6,58467,9.62,164.46
North Carolina,Cumberland,37051,2023,6,48786,7.68,157.42
North Carolina,Forsyth,37067,2023,6,35305,5.64,159.83
North Carolina,Robeson,37155,2023,6,36788,5.92,161.02
North Carolina,Sampson,37163,2023,6,18418,2.96,160.47
North Carolina,Duplin,37061,2023,6,13398,2.23,166.29
North Carolina,Durham,37063,2023,6,36070,5.98,165.73
North Carolina,Other NC Counties,37999,2023,6,776477,126.53,162.95
North Carolina,Mecklenburg,37119,2023,7,92892,15.17,163.27
North Carolina,Wake,37183,2023,7,57473,8.94,155.52
North Carolina,Guilford,37081,2023,7,58500,9.21,157.51
North Carolina,Cumberland,37051,2023,7,46311,7.29,157.44
North Carolina,Forsyth,37067,2023,7,34170,5.65,165.38
North Carolina,Robeson,37155,2023,7,34412,5.58,162.15
North Carolina,Sampson,37163,2023,7,17605,2.83,160.96
North Carolina,Duplin,37061,2023,7,13773,2.25,163.5
North Carolina,Durham,37063,2023,7,33400,5.21,155.99
North Carolina,Other NC Counties,37999,2023,7,777464,125.76,161.76
North Carolina,Mecklenburg,37119,2023,8,96339,15.59,161.82
North Carolina,Wake,37183,2023,8,56349,9.41,166.98
North Carolina,Guilford,37081,2023,8,58206,9.07,155.86
North Carolina,Cumberland,37051,2023,8,48985,7.76,158.47
North Carolina,Forsyth,37067,2023,8,35792,5.64,157.56
North Carolina,Robeson,37155,2023,8,35656,5.63,157.91
North Carolina,Sampson,37163,2023,8,18325,2.92,159.41
North Carolina,Duplin,37061,2023,8,14269,2.27,159.1
North Carolina,Durham,37063,2023,8,34679,5.81,167.58
North Carolina,Other NC Counties,37999,2023,8,772400,125.99,163.12
North Carolina,Mecklenburg,37119,2023,9,91474,14.98,163.81
North Carolina,Wake,37183,2023,9,57999,9.73,167.82
North Carolina,Guilford,37081,2023,9,57577,9.63,167.23
North Carolina,Cumberland,37051,2023,9,48283,7.66,158.59
North Carolina,Forsyth,37067,2023,9,35407,5.68,160.33
North Carolina,Robeson,37155,2023,9,34518,5.78,167.56
North Carolina,Sampson,37163,2023,9,16874,2.83,167.76
North Carolina,Duplin,37061,2023,9,14646,2.51,171.63
North Carolina,Durham,37063,2023,9,35214,5.65,160.32
North Carolina,Other NC Counties,37999,2023,9,791008,130.95,165.54
North Carolina,Mecklenburg,37119,2023,10,91497,15.25,166.71
North Carolina,Wake,37183,2023,10,61128,9.96,162.93
North Carolina,Guilford,37081,2023,10,58634,10.17,173.41
North Carolina,Cumberland,37051,2023,10,46065,7.92,171.96
North Carolina,Forsyth,37067,2023,10,36757,6.0,163.34
North Carolina,Robeson,37155,2023,10,37617,6.15,163.47
North Carolina,Sampson,37163,2023,10,17979,2.91,161.66
North Carolina,Duplin,37061,2023,10,14555,2.44,167.47
North Carolina,Durham,37063,2023,10,36647,6.23,170.0
North Carolina,Other NC Counties,37999,2023,10,794121,134.07,168.83
North Carolina,Mecklenburg,37119,2023,11,93270,15.9,170.48
North Carolina,Wake,37183,2023,11,61526,10.87,176.63
North Carolina,Guilford,37081,2023,11,57903,9.62,166.2
North Carolina,Cumberland,37051,2023,11,49539,8.57,172.92
North Carolina,Forsyth,37067,2023,11,35819,6.38,178.05
North Carolina,Robeson,37155,2023,11,35567,5.93,166.74
North Carolina,Sampson,37163,2023,11,17715,2.94,165.98
North Carolina,Duplin,37061,2023,11,14573,2.52,173.06
North Carolina,Durham,37063,2023,11,36629,6.43,175.52
North Carolina,Other NC Counties,37999,2023,11,805459,138.24,171.63
North Carolina,Mecklenburg,37119,2023,12,99295,17.77,178.99
North Carolina,Wake,37183,2023,12,61864,10.6,171.38
North Carolina,Guilford,37081,2023,12,61008,10.63,174.27
North Carolina,Cumberland,37051,2023,12,49927,8.55,171.29
North Carolina,Forsyth,37067,2023,12,34912,6.27,179.68
North Carolina,Robeson,37155,2023,12,38201,6.65,174.07
North Carolina,Sampson,37163,2023,12,17562,3.06,174.13
North Carolina,Duplin,37061,2023,12,14753,2.57,174.53
North Carolina,Durham,37063,2023,12,38285,6.93,180.92
North Carolina,Other NC Counties,37999,2023,12,802193,139.06,173.35
North Carolina,Mecklenburg,37119,2024,1,102502,17.48,170.56
North Carolina,Wake,37183,2024,1,63615,11.24,176.69
North Carolina,Guilford,37081,2024,1,60573,10.8,178.3
North Carolina,Cumberland,37051,2024,1,50410,9.18,182.12
North Carolina,Forsyth,37067,2024,1,37836,6.39,168.94
North Carolina,Robeson,37155,2024,1,35246,6.08,172.39
North Carolina,Sampson,37163,2024,1,17572,2.98,169.55
North Carolina,Duplin,37061,2024,1,15162,2.67,175.82
North Carolina,Durham,37063,2024,1,37313,6.56,175.74
North Carolina,Other NC Counties,37999,2024,1,807771,142.43,176.32
North Carolina,Mecklenburg,37119,2024,2,97091,17.2,177.16
North Carolina,Wake,37183,2024,2,58644,10.25,174.86
North Carolina,Guilford,37081,2024,2,61910,10.6,171.25
North Carolina,Cumberland,37051,2024,2,48029,8.38,174.51
North Carolina,Forsyth,37067,2024,2,35630,6.37,178.65
North Carolina,Robeson,37155,2024,2,36853,6.37,172.83
North Carolina,Sampson,37163,2024,2,18606,3.33,179.02
North Carolina,Duplin,37061,2024,2,14953,2.52,168.3
North Carolina,Durham,37063,2024,2,37449,6.65,177.56
North Carolina,Other NC Counties,37999,2024,2,814835,141.73,173.94
North Carolina,Mecklenburg,37119,2024,3,100733,16.84,167.17
North Carolina,Wake,37183,2024,3,58332,10.06,172.39
North Carolina,Guilford,37081,2024,3,60566,10.59,174.81
North Carolina,Cumberland,37051,2024,3,47751,8.44,176.65
North Carolina,Forsyth,37067,2024,3,37388,6.28,168.02
North Carolina,Robeson,37155,2024,3,37269,6.56,176.09
North Carolina,Sampson,37163,2024,3,17641,3.17,179.58
North Carolina,Duplin,37061,2024,3,14637,2.59,177.22
North Carolina,Durham,37063,2024,3,37316,6.29,168.68
North Carolina,Other NC Counties,37999,2024,3,805367,140.08,173.93
North Carolina,Mecklenburg,37119,2024,4,92957,16.23,174.59
North Carolina,Wake,37183,2024,4,58954,10.38,176.03
North Carolina,Guilford,37081,2024,4,61988,10.19,164.32
North Carolina,Cumberland,37051,2024,4,49762,8.34,167.64
North Carolina,Forsyth,37067,2024,4,34630,6.01,173.65
North Carolina,Robeson,37155,2024,4,36487,6.02,164.97
North Carolina,Sampson,37163,2024,4,18023,3.04,168.84
North Carolina,Duplin,37061,2024,4,14483,2.49,171.66
North Carolina,Durham,37063,2024,4,35730,5.98,167.4
North Carolina,Other NC Counties,37999,2024,4,803986,137.42,170.93
North Carolina,Mecklenburg,37119,2024,5,92111,15.67,170.14
North Carolina,Wake,37183,2024,5,61285,10.14,165.46
North Carolina,Guilford,37081,2024,5,60002,9.78,162.97
North Carolina,Cumberland,37051,2024,5,49700,8.23,165.68
North Carolina,Forsyth,37067,2024,5,35868,6.01,167.56
North Carolina,Robeson,37155,2024,5,34711,6.07,174.97
North Carolina,Sampson,37163,2024,5,18627,3.16,169.86
North Carolina,Duplin,37061,2024,5,14983,2.58,172.4
North Carolina,Durham,37063,2024,5,35679,5.95,166.73
North Carolina,Other NC Counties,37999,2024,5,796034,135.2,169.84
North Carolina,Mecklenburg,37119,2024,6,94244,15.94,169.09
North Carolina,Wake,37183,2024,6,58041,9.32,160.55
North Carolina,Guilford,37081,2024,6,58644,9.75,166.19
North Carolina,Cumberland,37051,2024,6,49430,8.0,161.9
North Carolina,Forsyth,37067,2024,6,36724,6.34,172.56
North Carolina,Robeson,37155,2024,6,37258,5.98,160.43
North Carolina,Sampson,37163,2024,6,17757,2.9,163.27
North Carolina,Duplin,37061,2024,6,14747,2.42,163.86
North Carolina,Durham,37063,2024,6,35829,5.72,159.62
North Carolina,Other NC Counties,37999,2024,6,785326,131.05,166.87
North Carolina,Mecklenburg,37119,2024,7,91419,15.12,165.36
North Carolina,Wake,37183,2024,7,57745,9.59,166.14
North Carolina,Guilford,37081,2024,7,58687,9.73,165.73
North Carolina,Cumberland,37051,2024,7,47088,7.92,168.11
North Carolina,Forsyth,37067,2024,7,34263,5.82,169.79
North Carolina,Robeson,37155,2024,7,36260,5.84,161.17
North Carolina,Sampson,37163,2024,7,16797,2.74,163.34
North Carolina,Duplin,37061,2024,7,13758,2.24,162.5
North Carolina,Durham,37063,2024,7,36540,6.19,169.48
North Carolina,Other NC Counties,37999,2024,7,785443,128.61,163.75
North Carolina,Mecklenburg,37119,2024,8,98908,15.74,159.15
North Carolina,Wake,37183,2024,8,60080,10.24,170.39
North Carolina,Guilford,37081,2024,8,60493,9.71,160.51
North Carolina,Cumberland,37051,2024,8,47461,7.7,162.29
North Carolina,Forsyth,37067,2024,8,35461,5.67,159.92
North Carolina,Robeson,37155,2024,8,37253,6.28,168.57
North Carolina,Sampson,37163,2024,8,17022,2.92,171.35
North Carolina,Duplin,37061,2024,8,14759,2.45,166.02
North Carolina,Durham,37063,2024,8,36202,5.94,164.07
North Carolina,Other NC Counties,37999,2024,8,775361,129.45,166.96
North Carolina,Mecklenburg,37119,2024,9,100220,16.4,163.61
North Carolina,Wake,37183,2024,9,57381,9.43,164.27
North Carolina,Guilford,37081,2024,9,61713,10.09,163.47
North Carolina,Cumberland,37051,2024,9,48164,8.11,168.35
North Carolina,Forsyth,37067,2024,9,37545,6.22,165.67
North Carolina,Robeson,37155,2024,9,35022,5.84,166.73
North Carolina,Sampson,37163,2024,9,18479,3.18,171.95
North Carolina,Duplin,37061,2024,9,14689,2.45,166.77
North Carolina,Durham,37063,2024,9,35061,5.73,163.47
North Carolina,Other NC Counties,37999,2024,9,787726,134.96,171.33
North Carolina,Mecklenburg,37119,2024,10,93767,16.57,176.72
North Carolina,Wake,37183,2024,10,60911,10.24,168.09
North Carolina,Guilford,37081,2024,10,58372,10.06,172.38
North Carolina,Cumberland,37051,2024,10,47868,8.3,173.35
North Carolina,Forsyth,37067,2024,10,37923,6.4,168.81
North Carolina,Robeson,37155,2024,10,35545,6.03,169.6
North Carolina,Sampson,37163,2024,10,17431,2.93,168.12
North Carolina,Duplin,37061,2024,10,14765,2.62,177.36
North Carolina,Durham,37063,2024,10,36953,6.15,166.49
North Carolina,Other NC Counties,37999,2024,10,804465,139.5,173.41
North Carolina,Mecklenburg,37119,2024,11,100795,20.04,198.86
North Carolina,Wake,37183,2024,11,58458,11.55,197.58
North Carolina,Guilford,37081,2024,11,60070,12.13,201.86
North Carolina,Cumberland,37051,2024,11,49623,9.81,197.77
North Carolina,Forsyth,37067,2024,11,38364,7.45,194.08
North Carolina,Robeson,37155,2024,11,43464,13.58,312.54
North Carolina,Sampson,37163,2024,11,18197,5.32,292.38
North Carolina,Duplin,37061,2024,11,14990,2.96,197.6
North Carolina,Durham,37063,2024,11,36431,7.52,206.54
North Carolina,Other NC Counties,37999,2024,11,798608,155.43,194.63
North Carolina,Mecklenburg,37119,2024,12,94701,18.46,194.93
North Carolina,Wake,37183,2024,12,63428,13.36,210.68
North Carolina,Guilford,37081,2024,12,59132,12.31,208.1
North Carolina,Cumberland,37051,2024,12,48492,9.94,204.96
North Carolina,Forsyth,37067,2024,12,37373,7.63,204.19
North Carolina,Robeson,37155,2024,12,42422,12.91,304.27
North Carolina,Sampson,37163,2024,12,18996,3.71,195.09
North Carolina,Duplin,37061,2024,12,14094,4.0,283.99
North Carolina,Durham,37063,2024,12,38322,7.74,201.93
North Carolina,Other NC Counties,37999,2024,12,811040,159.05,196.1
North Carolina,Mecklenburg,37119,2025,1,95286,17.82,187.03
North Carolina,Wake,37183,2025,1,63887,11.42,178.72
North Carolina,Guilford,37081,2025,1,59021,10.66,180.59
North Carolina,Cumberland,37051,2025,1,47837,8.72,182.23
North Carolina,Forsyth,37067,2025,1,38303,6.88,179.64
North Carolina,Robeson,37155,2025,1,35363,6.5,183.82
North Carolina,Sampson,37163,2025,1,17947,3.18,177.03
North Carolina,Duplin,37061,2025,1,14379,2.56,177.97
North Carolina,Durham,37063,2025,1,38532,6.72,174.42
North Carolina,Other NC Counties,37999,2025,1,826445,149.65,181.07
North Carolina,Mecklenburg,37119,2025,2,99815,17.59,176.23
North Carolina,Wake,37183,2025,2,60386,10.79,178.62
North Carolina,Guilford,37081,2025,2,61962,10.75,173.57
North Carolina,Cumberland,37051,2025,2,48233,8.42,174.67
North Carolina,Forsyth,37067,2025,2,35878,6.65,185.43
North Carolina,Robeson,37155,2025,2,37085,6.74,181.77
North Carolina,Sampson,37163,2025,2,19053,3.51,184.13
North Carolina,Duplin,37061,2025,2,15520,2.85,183.95
North Carolina,Durham,37063,2025,2,36468,6.58,180.53
North Carolina,Other NC Counties,37999,2025,2,818600,147.9,180.68
North Carolina,Mecklenburg,37119,2025,3,97929,18.08,184.62
North Carolina,Wake,37183,2025,3,61314,10.86,177.12
North Carolina,Guilford,37081,2025,3,59337,10.45,176.13
North Carolina,Cumberland,37051,2025,3,47662,8.79,184.38
North Carolina,Forsyth,37067,2025,3,37804,6.52,172.41
North Carolina,Robeson,37155,2025,3,38587,6.91,179.14
North Carolina,Sampson,37163,2025,3,18880,3.51,185.86
North Carolina,Duplin,37061,2025,3,15409,2.67,173.0
North Carolina,Durham,37063,2025,3,37356,6.55,175.38
North Carolina,Other NC Counties,37999,2025,3,811722,144.76,178.34
